"datetime","wind_speed","v_var","u*","wind_dir","L"
2020-05-01,1.22397,0.0548,0.0612,155.054,2.46928
2020-05-01 02:00:00,1.16878,0.0964,0.0757,146.546,2.17123
2020-05-01 02:30:00,1.04049,0.124337,0.0902,147.856,2.93497
2020-05-01 03:00:00,0.712217,0.0523,0.0588,177.74,-11.5224
2020-05-01 03:30:00,0.523498,0.0719,0.062,173.083,4.36933
2020-05-01 04:00:00,0.378589,0.0499,0.071,188.634,-2.55005
2020-05-01 04:30:00,0.217292,0.0553,0.067,181.304,-15.5481
2020-05-01 05:00:00,0.508068,0.0839,0.0955,168.194,5.32612
2020-05-01 05:30:00,1.30105,0.123755,0.111776,135.158,8.84827
2020-05-01 06:00:00,1.54301,0.17035,0.150755,130.317,17.0269
2020-05-01 06:30:00,1.97455,0.32319,0.188601,136.323,30.6419
2020-05-01 07:00:00,2.03225,0.405321,0.189662,137.125,35.5388
2020-05-01 07:30:00,2.32471,0.488574,0.173986,139.498,24.3495
2020-05-01 08:00:00,2.46447,0.708922,0.236401,131.631,63.3141
2020-05-01 08:30:00,2.31435,0.668489,0.203506,131.053,74.8784
2020-05-01 09:00:00,2.67552,1.17332,0.275889,129.058,82.3064
2020-05-01 09:30:00,3.11424,0.943698,0.269785,149.913,71.606
2020-05-01 10:00:00,2.79191,0.86675,0.237605,142.716,51.5445
2020-05-01 10:30:00,2.88454,1.13932,0.232385,130.821,51.0348
2020-05-01 11:00:00,3.12074,1.86028,0.279517,139.461,55.2518
2020-05-01 11:30:00,3.515,1.43887,0.302323,142.998,61.7219
2020-05-01 12:00:00,4.33302,1.49595,0.33628,151.946,64.2466
2020-05-01 12:30:00,3.0921,1.46814,0.277739,134.546,46.0399
2020-05-01 13:00:00,3.61153,1.54187,0.35798,143.8,81.9025
2020-05-01 13:30:00,3.28918,1.12116,0.303861,139.052,64.432
2020-05-01 14:00:00,2.78792,1.41232,0.311284,127.988,77.41
2020-05-01 14:30:00,3.21896,1.58146,0.29227,141.67,53.3458
2020-05-01 15:00:00,2.44517,0.924855,0.236739,122.419,45.0468
2020-05-01 15:30:00,2.51854,0.953109,0.260077,106.491,55.8608
2020-05-01 16:00:00,2.16291,0.847871,0.294863,96.9559,71.7605
2020-05-01 16:30:00,1.93369,0.814912,0.281068,91.5645,72.7334
2020-05-01 17:00:00,2.43049,0.964049,0.218621,96.0875,27.888
2020-05-01 17:30:00,1.83923,0.870192,0.227953,83.4445,42.3248
2020-05-01 18:00:00,2.04393,0.813496,0.212362,76.6344,29.2934
2020-05-01 18:30:00,1.99165,0.792549,0.25544,79.0208,63.4399
2020-05-01 19:00:00,1.68185,0.675635,0.219482,101.015,54.9752
2020-05-01 19:30:00,2.3349,0.630798,0.22936,111.982,46.4085
2020-05-01 20:00:00,2.71973,0.827792,0.234405,130.715,116.874
2020-05-01 20:30:00,1.89939,363.753,2.31065,103.896,150.981
2020-05-01 21:00:00,1.41397,0.366194,0.153342,90.3805,90.706
2020-05-01 21:30:00,1.61707,0.419719,0.13882,90.2551,-79.0053
2020-05-01 22:30:00,2.18877,0.61994,0.220217,94.0447,100.579
2020-05-02,2.24141,0.514768,0.204646,98.8439,261.113
2020-05-02 01:00:00,2.09005,0.479493,0.220439,105.921,141.126
2020-05-02 02:00:00,1.86586,0.525245,0.173296,94.5081,512.974
2020-05-02 02:30:00,2.07274,0.697,0.255835,92.567,330.957
2020-05-02 03:00:00,2.05164,0.961616,0.222043,78.8727,-119.275
2020-05-02 03:30:00,2.12624,0.791143,0.302059,83.6637,940.716
2020-05-02 04:30:00,1.92023,0.80775,0.230785,79.6014,164.763
2020-05-02 05:00:00,2.01353,0.646767,0.207098,81.9766,224.372
2020-05-02 07:30:00,2.60979,1.04036,0.307189,95.5851,2002.33
2020-05-02 08:00:00,2.79341,1.30528,0.350575,96.7241,-0.00683
2020-05-02 08:30:00,2.81305,0.924907,0.350142,98.6931,-2484.8
2020-05-02 09:00:00,2.95795,1.31864,0.269001,98.0654,-25208.1
2020-05-02 09:30:00,2.76597,1.08403,0.272054,95.5244,-1032.71
2020-05-02 10:00:00,3.01436,0.870052,0.264056,101.522,11605
2020-05-02 10:30:00,2.82898,1.10202,0.321427,95.2547,1129.24
2020-05-02 11:00:00,2.388,0.853822,0.2319,94.569,220.162
2020-05-02 11:30:00,2.42305,1.30051,0.27859,95.7207,2298.77
2020-05-02 12:00:00,2.49947,0.85762,0.252848,98.4144,139.165
2020-05-02 12:30:00,2.82188,0.890779,0.233036,105.909,85.1033
2020-05-02 13:00:00,2.93544,0.834921,0.297089,104.73,135.637
2020-05-02 13:30:00,3.19208,0.929094,0.273063,105.166,135.26
2020-05-02 14:00:00,3.09965,0.941327,0.28542,104.838,106.781
2020-05-02 14:30:00,3.18857,0.945501,0.291473,108.224,132.825
2020-05-02 15:00:00,3.12567,0.907268,0.275328,110.472,103.399
2020-05-02 15:30:00,3.27714,1.10471,0.235474,118.901,58.4281
2020-05-02 16:00:00,2.35329,0.573011,0.187606,126.892,31.2534
2020-05-02 16:30:00,2.07138,0.507535,0.194648,125.076,34.3346
2020-05-02 17:00:00,2.15938,0.44156,0.167825,121.007,31.4023
2020-05-02 17:30:00,2.12821,0.428941,0.144444,132.853,18.255
2020-05-02 18:00:00,2.16007,0.268909,0.175384,131.988,29.0542
2020-05-02 18:30:00,1.91803,0.235473,0.141065,136.394,13.8751
2020-05-02 19:00:00,1.75833,0.24516,0.140821,133.408,14.5892
2020-05-02 19:30:00,1.40901,0.154443,0.115818,140.191,12.5459
2020-05-02 20:00:00,1.30797,0.109811,0.0717,135.604,4.0675
2020-05-02 20:30:00,1.36103,0.107669,0.108597,146.532,12.3818
2020-05-02 21:00:00,1.70488,0.0659,0.106953,157.981,11.2156
2020-05-02 21:30:00,1.73868,0.0488,0.0818,161.942,6.26992
2020-05-02 22:00:00,1.40702,0.0744,0.079,158.415,7.94984
2020-05-02 22:30:00,1.51832,0.169057,0.116722,174.33,16.6377
2020-05-02 23:00:00,1.18796,0.0548,0.0552,170.117,4.92759
2020-05-02 23:30:00,1.33406,0.0669,0.0734,175.098,4.65434
2020-05-03,1.22602,0.0801,0.0875,186.971,9.26683
2020-05-03 00:30:00,1.12986,0.0661,0.0873,201.806,8.65824
2020-05-03 01:00:00,1.32393,0.146055,0.100659,225.091,10.7066
2020-05-03 01:30:00,1.57875,0.231297,0.164211,250.547,40.5176
2020-05-03 02:00:00,1.86137,0.213976,0.176001,258.169,42.8413
2020-05-03 02:30:00,1.91962,0.185483,0.166519,259.969,33.2411
2020-05-03 03:00:00,2.02988,0.138146,0.152637,258.147,22.5337
2020-05-03 03:30:00,1.83648,0.116236,0.141476,258.117,19.6357
2020-05-03 04:00:00,2.09775,0.121547,0.155121,262.682,23.0008
2020-05-03 04:30:00,1.68397,0.139614,0.139276,268.323,18.871
2020-05-03 05:00:00,1.38046,0.361669,0.162358,287.32,22.589
2020-05-03 05:30:00,1.19653,0.255042,0.156047,317.089,39.1529
2020-05-03 06:00:00,1.40044,0.248598,0.153993,313.932,31.5143
2020-05-03 06:30:00,1.29607,619.069,6.55928,285.749,435.808
2020-05-03 07:00:00,1.47462,0.398249,0.153381,307.186,102.533
2020-05-03 07:30:00,1.20096,0.395334,0.196457,293.273,53.842
2020-05-03 08:00:00,1.31616,0.640576,0.152844,304.357,49.8966
2020-05-03 08:30:00,1.17418,0.414076,0.181934,316.332,38.4663
2020-05-03 09:00:00,1.00156,0.369513,0.16583,299.867,55.3197
2020-05-03 09:30:00,0.787175,0.568037,0.217905,303.543,72.0196
2020-05-03 10:00:00,1.08417,0.762202,0.258419,280.913,78.5224
2020-05-03 10:30:00,1.73038,1.09744,0.203716,269.269,39.0085
2020-05-03 11:00:00,2.05096,1.11543,0.177428,253.392,18.5636
2020-05-03 11:30:00,1.88426,1.0687,0.206864,263.83,37.0707
2020-05-03 12:00:00,2.14856,1.06028,0.232497,259.653,32.645
2020-05-03 12:30:00,2.65891,2.38242,0.303246,255.125,-13.3828
2020-05-03 13:00:00,2.04037,0.898789,0.170141,253.127,16.3725
2020-05-03 13:30:00,1.96965,1.55449,0.25669,236.533,33.1566
2020-05-03 14:00:00,1.8559,0.56967,0.154395,209.958,8.87252
2020-05-03 14:30:00,2.36299,0.898304,0.206123,238.647,18.8812
2020-05-03 15:00:00,3.13129,1.46311,0.251657,251.414,33.0502
2020-05-03 15:30:00,3.06337,1.00118,0.309171,255.596,47.7879
2020-05-03 16:00:00,2.92914,1.36815,0.270758,263.222,33.6446
2020-05-03 16:30:00,2.8115,1.32241,0.276977,271.404,43.4181
2020-05-03 17:00:00,2.77015,0.970028,0.288976,272.098,45.5661
2020-05-03 17:30:00,2.12468,0.71505,0.222389,277.639,32.6209
2020-05-03 18:00:00,1.32181,0.277615,0.170345,281.235,15.8753
2020-05-03 18:30:00,1.33781,0.265469,0.156808,274.972,14.3184
2020-05-03 19:00:00,1.69361,0.354295,0.163533,275.396,11.762
2020-05-03 19:30:00,1.37493,0.26591,0.171947,281.449,19.6099
2020-05-03 20:00:00,2.34127,0.562542,0.248997,276.059,33.1449
2020-05-03 20:30:00,1.69021,0.296578,0.202661,282.372,23.0591
2020-05-03 21:00:00,1.54162,0.209143,0.17693,297.917,21.9572
2020-05-03 21:30:00,1.68559,0.234836,0.184152,293.799,21.0779
2020-05-03 22:00:00,1.39292,0.191007,0.137254,283.594,10.7008
2020-05-03 22:30:00,1.54409,0.188305,0.200954,276.047,25.885
2020-05-03 23:00:00,2.07945,0.290775,0.226817,283.927,32.8568
2020-05-03 23:30:00,2.18212,0.382878,0.249507,284.256,38.0926
2020-05-04,1.99017,0.362869,0.216038,276.056,36.0618
2020-05-04 01:30:00,1.65286,0.317479,0.203615,281.153,27.494
2020-05-04 02:00:00,1.79809,0.303527,0.241812,283.864,48.1553
2020-05-04 02:30:00,1.96593,0.299861,0.201918,274.948,34.8359
2020-05-04 03:00:00,1.75686,0.30674,0.250836,283.242,47.5096
2020-05-04 03:30:00,1.30502,0.11089,0.149022,271.538,13.105
2020-05-04 04:00:00,1.69756,0.246158,0.186693,281.326,23.6578
2020-05-04 04:30:00,1.59593,0.239663,0.185017,275.448,38.1766
2020-05-04 05:00:00,1.94891,0.144523,0.153661,261.758,19.1851
2020-05-04 05:30:00,2.32356,0.207159,0.195838,262.849,38.1486
2020-05-04 06:00:00,2.48808,0.660556,0.214166,270.901,61.5234
2020-05-04 06:30:00,2.77374,1.07888,0.369829,283.67,1351.44
2020-05-04 07:00:00,2.91762,1.22543,0.364517,293.64,405.437
2020-05-04 07:30:00,3.25611,1.63556,0.319596,288.845,1565.58
2020-05-04 08:00:00,2.63642,1.63459,0.400574,296.401,311.327
2020-05-04 08:30:00,3.2612,1.61694,0.366063,286.507,255.577
2020-05-04 09:00:00,2.67876,1.55244,0.301572,299.834,241.128
2020-05-04 09:30:00,2.59686,1.34685,0.318287,291.051,107.209
2020-05-04 10:00:00,2.12304,1.02702,0.251413,286.885,59.0369
2020-05-04 10:30:00,2.45063,1.36553,0.29523,291.17,117.61
2020-05-04 11:00:00,2.78789,1.46625,0.33498,281.126,120.87
2020-05-04 11:30:00,2.77984,1.69367,0.334666,278.956,72.3892
2020-05-04 12:00:00,2.95023,1.63697,0.305854,257.617,49.1954
2020-05-04 12:30:00,3.32517,3.10598,0.388911,264.69,91.4847
2020-05-04 13:00:00,2.51026,1.49673,0.287591,288.296,52.1445
2020-05-04 13:30:00,1.97468,1.28473,0.247875,289.582,40.8144
2020-05-04 14:00:00,3.05148,1.15496,0.272878,267.664,47.057
2020-05-04 14:30:00,2.69052,1.05056,0.301016,285.728,72.1445
2020-05-04 15:00:00,2.04049,1.08416,0.220674,301.631,31.8448
2020-05-04 15:30:00,1.50838,0.893885,0.196577,301.823,21.7162
2020-05-04 16:00:00,2.09343,0.796742,0.248295,316.692,37.5806
2020-05-04 16:30:00,1.98581,1.49788,0.241822,283.066,36.1615
2020-05-04 17:00:00,1.7188,0.691198,0.134335,334.295,7.11754
2020-05-04 17:30:00,1.12482,0.971951,0.222216,314.934,34.5261
2020-05-04 18:00:00,1.36251,0.382321,0.17442,285.644,25.7154
2020-05-04 18:30:00,0.795884,0.148552,0.192559,283.426,39.2515
2020-05-04 19:00:00,1.50267,0.390664,0.200068,308.319,34.5933
2020-05-04 19:30:00,1.80669,0.371264,0.17939,317.977,18.4985
2020-05-04 20:00:00,1.10594,0.124243,0.146639,318.729,11.3225
2020-05-04 20:30:00,0.22352,0.109917,0.141627,245.353,5.96623
2020-05-04 21:00:00,0.865808,0.0241,0.0169,144.489,-1.29247
2020-05-04 21:30:00,0.620145,0.0345,0.0545,169.694,-8.04661
2020-05-04 22:00:00,0.570625,0.184609,0.139243,269.1,5.06411
2020-05-04 22:30:00,0.959999,0.100335,0.108696,286.911,5.76718
2020-05-04 23:00:00,1.20299,0.218682,0.187877,302.184,17.0188
2020-05-04 23:30:00,1.3121,0.178065,0.152894,304.802,11.8365
2020-05-05,0.663521,0.128259,0.106126,344.672,6.85063
2020-05-05 00:30:00,0.424075,0.0277,0.0491,10.6658,2.61924
2020-05-05 01:00:00,0.279123,0.0126,0.0322,15.1833,0.687592
2020-05-05 01:30:00,0.667988,574.494,13.0812,344.277,-7120000
2020-05-05 02:00:00,0.891809,0.109793,0.144235,314.941,11.497
2020-05-05 02:30:00,0.850191,0.111088,0.140304,306.876,8.8016
2020-05-05 03:00:00,0.96169,0.136095,0.134963,317.362,10.1763
2020-05-05 03:30:00,0.807611,0.083,0.116542,331.355,7.47332
2020-05-05 04:00:00,0.817049,0.172747,0.132211,275.107,14.188
2020-05-05 04:30:00,1.48638,0.234427,0.204852,301.468,29.4822
2020-05-05 05:00:00,1.3506,0.157558,0.138293,297.62,15.7151
2020-05-05 05:30:00,1.66703,0.297062,0.212552,297.616,44.0802
2020-05-05 06:00:00,1.62136,0.398003,0.216854,309.879,73.0442
2020-05-05 06:30:00,1.37554,0.419059,0.199616,298.344,139.79
2020-05-05 07:00:00,1.84258,0.535179,0.149097,269.01,67.3793
2020-05-05 07:30:00,1.71602,0.615538,0.232145,272.925,137.274
2020-05-05 08:00:00,1.94387,0.59476,0.160717,250.876,45.4133
2020-05-05 08:30:00,1.53862,1.22162,0.185093,249.267,69.5357
2020-05-05 09:00:00,2.22212,1.05754,0.219527,251.456,44.0804
2020-05-05 09:30:00,1.73859,1.54786,0.267702,239.863,80.3908
2020-05-05 10:00:00,2.33626,0.877263,0.237577,243.87,78.9192
2020-05-05 10:30:00,2.27249,2.32093,0.22709,235.769,48.093
2020-05-05 11:00:00,2.70112,1.45289,0.311766,239.37,70.6957
2020-05-05 11:30:00,3.05223,1.34906,0.266433,244.988,56.5547
2020-05-05 12:00:00,2.53134,1.10187,0.231836,241.521,26.5587
2020-05-05 12:30:00,2.63019,1.14477,0.319846,264.795,66.1144
2020-05-05 13:00:00,2.98575,2.2482,0.295125,244.858,57.6321
2020-05-05 13:30:00,3.64784,2.14327,0.307515,241.369,46.1661
2020-05-05 14:00:00,3.21997,2.30229,0.280824,248.991,54.9637
2020-05-05 14:30:00,3.88563,2.63111,0.328177,246.915,59.8598
2020-05-05 15:00:00,3.7341,1.90628,0.31618,247.595,49.0947
2020-05-05 15:30:00,3.64548,2.05274,0.301767,244.978,37.5295
2020-05-05 16:00:00,3.3377,1.23183,0.309746,246.953,46.5667
2020-05-05 16:30:00,2.7835,0.739297,0.23669,243.298,21.9519
2020-05-05 17:30:00,3.35302,1.22855,0.285616,246.538,30.4385
2020-05-05 18:00:00,2.92426,0.841311,0.289809,245.291,41.4609
2020-05-05 18:30:00,2.14967,0.454679,0.208426,252.956,26.2408
2020-05-05 19:00:00,1.91487,0.30613,0.138504,248.883,8.41171
2020-05-05 19:30:00,2.73618,0.863649,0.285092,242.379,44.9548
2020-05-05 20:00:00,3.29151,1.0092,0.311199,231.322,46.0324
2020-05-05 20:30:00,2.41814,0.54075,0.231955,211.289,29.8485
2020-05-05 21:00:00,2.28045,0.527981,0.197678,212.932,26.3764
2020-05-05 21:30:00,2.17353,0.560553,0.223335,206.205,27.1773
2020-05-05 22:00:00,2.60152,0.681937,0.22378,202.46,31.3842
2020-05-05 22:30:00,2.7376,0.908398,0.265078,198.774,38.8671
2020-05-05 23:00:00,3.15349,1.07423,0.314886,203.443,54.0271
2020-05-05 23:30:00,2.44287,0.660132,0.290997,199.215,49.1488
2020-05-06,3.08918,1.07158,0.313562,202.046,48.6491
2020-05-06 01:30:00,2.53989,0.813862,0.229821,209.709,26.6868
2020-05-06 02:00:00,2.8489,0.818958,0.27774,211.866,39.4551
2020-05-06 02:30:00,3.04045,1.08098,0.303542,226.763,41.4501
2020-05-06 03:00:00,2.69554,0.864428,0.283515,226.189,38.3096
2020-05-06 03:30:00,2.19153,0.484462,0.282735,234.813,41.9159
2020-05-06 04:00:00,2.74136,0.786804,0.321133,236.884,63.0756
2020-05-06 04:30:00,2.85452,0.761267,0.333835,241.305,78.4018
2020-05-06 05:00:00,3.02104,0.879985,0.292854,240.805,65.2732
2020-05-06 05:30:00,3.89717,1.4872,0.352714,265.088,88.8126
2020-05-06 06:00:00,3.9996,1.79737,0.428441,268.339,147.136
2020-05-06 06:30:00,4.45351,3.0496,0.480611,274.11,209.792
2020-05-06 07:00:00,4.4764,3.00717,0.52126,269.471,329.483
2020-05-06 07:30:00,4.67277,2.58695,0.478338,268.651,351.883
2020-05-06 08:00:00,4.72763,2.62553,0.492798,270.912,249.211
2020-05-06 08:30:00,4.67757,3.1725,0.483657,277.385,346.538
2020-05-06 09:00:00,4.94544,2.76703,0.532351,287.046,476.097
2020-05-06 09:30:00,4.11232,3.37883,0.411343,292.372,162.276
2020-05-06 10:00:00,3.81679,2.46597,0.429833,300.155,227.123
2020-05-06 10:30:00,4.67282,3.60688,0.541346,289.505,2561.08
2020-05-06 11:00:00,3.81642,2.09248,0.44104,283.114,445.863
2020-05-06 11:30:00,3.78922,3.84082,0.513486,292.388,504.353
2020-05-06 12:00:00,3.8963,2.62998,0.483996,292.912,273.791
2020-05-06 12:30:00,3.81908,2.60713,0.469005,279.858,217.585
2020-05-06 13:00:00,3.99514,2.81427,0.460224,276.629,316.555
2020-05-06 13:30:00,3.93662,2.8535,0.393644,273.137,139.812
2020-05-06 14:00:00,3.28058,1.43657,0.336069,273.132,112.674
2020-05-06 14:30:00,2.40545,1.0099,0.239847,272.447,38.8043
2020-05-06 15:00:00,2.52676,1.36864,0.367669,305.853,152.697
2020-05-06 15:30:00,2.86826,1.27667,0.393925,308.721,185.089
2020-05-06 16:00:00,2.67192,1.39866,0.314159,307.769,134.064
2020-05-06 16:30:00,2.39575,0.791491,0.307661,311.029,85.5883
2020-05-06 17:00:00,3.04219,2.84152,0.416724,317.14,116.371
2020-05-06 17:30:00,2.25921,1.12349,0.33024,306.143,111.742
2020-05-06 18:00:00,2.49786,1.43751,0.335746,305.664,88.4711
2020-05-06 18:30:00,3.20193,1.42652,0.332858,287.893,106.942
2020-05-06 19:00:00,2.76925,0.982279,0.366103,289.265,112.347
2020-05-06 19:30:00,2.35514,0.585923,0.253283,273.057,54.7504
2020-05-06 20:00:00,1.99237,0.388458,0.205487,273.659,29.3263
2020-05-06 20:30:00,1.97327,0.287546,0.238037,278.345,30.6783
2020-05-06 21:00:00,1.92087,0.311976,0.216012,282.187,25.5537
2020-05-06 21:30:00,1.98621,0.375937,0.20107,281.629,21.8951
2020-05-06 22:00:00,2.55183,0.525442,0.311376,274.53,84.6531
2020-05-06 22:30:00,2.79075,0.682754,0.331072,282.692,86.1901
2020-05-06 23:00:00,3.12679,0.858586,0.356474,274.733,101.288
2020-05-06 23:30:00,2.93696,0.851846,0.340042,278.082,89.5346
2020-05-07,2.9529,0.946472,0.294746,276.06,66.6237
2020-05-07 01:30:00,2.75031,0.971971,0.34705,283.101,88.7459
2020-05-07 02:00:00,2.94192,0.902369,0.367081,289.542,119.322
2020-05-07 02:30:00,2.77532,0.825707,0.361111,291.246,121.757
2020-05-07 03:00:00,2.94192,0.815541,0.304428,297.784,83.6784
2020-05-07 03:30:00,2.40323,0.594049,0.257602,292.936,50.6052
2020-05-07 04:00:00,2.65566,0.669116,0.304981,291.07,90.8582
2020-05-07 04:30:00,2.40446,0.826526,0.236398,299.335,53.0652
2020-05-07 05:00:00,2.61687,0.758667,0.309953,310.717,91.5118
2020-05-07 05:30:00,3.82083,2.00752,0.40516,308.891,150.749
2020-05-07 06:00:00,4.13308,2.06442,0.507471,312.541,615.37
2020-05-07 06:30:00,4.29915,2.35785,0.530715,316.797,664.711
2020-05-07 07:00:00,4.09992,2.28043,0.389826,326.416,186.419
2020-05-07 07:30:00,3.73223,2.21891,0.401037,325.807,289.133
2020-05-07 08:00:00,3.95965,2.37758,0.457169,321.99,301.749
2020-05-07 08:30:00,3.55867,1.68595,0.390331,323.18,296.597
2020-05-07 09:00:00,3.34887,1.80755,0.406932,317.236,323.213
2020-05-07 09:30:00,3.2865,2.27081,0.42162,309.635,418.559
2020-05-07 10:00:00,3.88931,2.71597,0.462869,312.101,399.65
2020-05-07 10:30:00,3.68227,1.59775,0.458352,313.216,417.696
2020-05-07 11:00:00,3.58073,2.8075,0.490912,319.916,4078.06
2020-05-07 11:30:00,3.52729,2.62463,0.400882,304.08,488.87
2020-05-07 12:00:00,3.65757,2.30797,0.516307,297.006,580.729
2020-05-07 12:30:00,3.57434,2.23984,0.436,287.902,281.474
2020-05-07 13:00:00,3.2242,2.31919,0.394664,298.293,220.471
2020-05-07 13:30:00,3.28519,2.75414,0.406299,301.162,513.291
2020-05-07 14:00:00,3.37015,1.60496,0.454483,304.178,255.392
2020-05-07 14:30:00,3.26194,1.82763,0.329642,288.341,115.07
2020-05-07 15:00:00,3.03633,1.35083,0.327092,305.203,120.284
2020-05-07 15:30:00,2.81652,1.80771,0.338274,311.451,214.157
2020-05-07 16:00:00,3.41875,1.71665,0.392514,295.232,185.549
2020-05-07 16:30:00,3.12984,1.80892,0.383063,290.653,188.103
2020-05-07 17:00:00,3.14839,1.64214,0.43522,291.272,239.072
2020-05-07 17:30:00,2.80764,1.96633,0.393074,295.127,243.608
2020-05-07 18:00:00,2.20001,1.08992,0.27879,304.238,72.445
2020-05-07 18:30:00,2.31477,0.883487,0.287793,298.285,73.9551
2020-05-07 19:00:00,1.78218,0.360707,0.236071,308.353,42.0913
2020-05-07 19:30:00,1.30762,0.194782,0.147775,307.935,12.9795
2020-05-07 20:00:00,0.725611,0.0783,0.12695,287.42,9.30455
2020-05-07 20:30:00,0.197234,0.0964,0.225231,219.356,8.12719
2020-05-07 21:00:00,0.474284,0.3223,0.205339,230.485,10.4329
2020-05-07 21:30:00,0.928994,0.10244,0.11698,275.784,5.81374
2020-05-07 22:00:00,1.15379,0.120767,0.130696,263.072,8.01538
2020-05-07 22:30:00,1.36186,0.119328,0.121708,262.532,9.62817
2020-05-07 23:00:00,1.07687,0.0718,0.103004,258.638,6.26023
2020-05-07 23:30:00,1.21894,0.0779,0.114977,261.427,6.6098
2020-05-08,0.821117,0.11922,0.124752,247.05,6.38005
2020-05-08 00:30:00,109.673,7373.52,67.3001,240.672,286609
2020-05-08 01:00:00,0.379143,0.664536,0.170147,165.052,34.3952
2020-05-08 01:30:00,0.584808,0.0443,0.0244,122.675,0.195837
2020-05-08 02:00:00,0.514932,0.0608,0.0413,152.998,8.41104
2020-05-08 02:30:00,0.442651,0.0214,0.0423,163.8,12.6629
2020-05-08 03:00:00,0.471259,0.0431,0.0658,186.836,21.9699
2020-05-08 03:30:00,0.619053,0.0291,0.05,163.584,11.5763
2020-05-08 04:00:00,0.465521,0.0199,0.0443,172.06,88.6556
2020-05-08 04:30:00,0.169382,0.0271,0.109852,164.318,-42.4123
2020-05-08 05:00:00,0.342472,0.0677,0.0799,150.153,5.57856
2020-05-08 05:30:00,1.14625,0.145264,0.106695,108.058,20.6396
2020-05-08 06:00:00,1.6804,0.288339,0.131169,125.384,43.2356
2020-05-08 06:30:00,2.20638,0.377259,0.155909,145.289,68.4814
2020-05-08 07:00:00,2.94856,0.350085,0.224744,153.195,171.229
2020-05-08 07:30:00,2.5671,0.833867,0.211514,159.47,-578.925
2020-05-08 08:00:00,3.05348,0.855107,0.202775,177.012,-2288.12
2020-05-08 08:30:00,2.56932,1.13133,0.229681,169.258,-523.443
2020-05-08 09:00:00,1.98771,0.778598,0.212895,166.52,333.721
2020-05-08 09:30:00,2.28547,0.74604,0.217328,172.025,-565.043
2020-05-08 10:00:00,1.89511,0.557397,0.190864,174.147,68.5745
2020-05-08 10:30:00,2.00302,0.857511,0.205199,186.367,67.4171
2020-05-08 11:00:00,2.14345,0.937421,0.20392,170.518,529.238
2020-05-08 11:30:00,2.55721,1.20231,0.270134,181.736,2971.17
2020-05-08 12:00:00,2.29209,1.07711,0.215026,174.256,-285.374
2020-05-08 12:30:00,2.68346,0.998071,0.250553,164.766,253.259
2020-05-08 13:00:00,2.84399,1.41898,0.27774,159.998,121.329
2020-05-08 13:30:00,2.39138,1.28884,0.23488,148.502,90.3182
2020-05-08 14:00:00,2.62026,1.56901,0.248156,186.517,124.006
2020-05-08 14:30:00,3.08223,1.06308,0.265546,147.532,209.195
2020-05-08 15:00:00,2.58913,2.43722,0.315949,161.04,219.655
2020-05-08 15:30:00,2.78563,0.400995,0.211437,149.694,37.9962
2020-05-08 16:00:00,3.05077,0.44901,0.2229,148.566,39.262
2020-05-08 16:30:00,2.87007,0.496661,0.235323,153.168,49.3588
2020-05-08 17:00:00,3.10588,1.02911,0.229607,142.798,98.7143
2020-05-08 17:30:00,2.80454,0.428952,0.186279,153.675,29.4936
2020-05-08 18:00:00,2.48776,0.278843,0.194416,151.921,23.6401
2020-05-08 18:30:00,1.68322,0.238876,0.178072,141.314,25.914
2020-05-08 19:00:00,1.97222,0.370569,0.145131,163.71,12.4978
2020-05-08 19:30:00,1.87373,0.205673,0.127229,167.433,16.7756
2020-05-08 20:00:00,1.72855,0.42217,0.0384,159.678,0.338699
2020-05-08 20:30:00,2.27545,0.307192,0.170047,187.647,27.1916
2020-05-08 21:00:00,1.63012,0.0868,0.0781,173.516,8.1036
2020-05-08 21:30:00,1.73164,2.57022,0.219992,236.635,42.6669
2020-05-08 22:00:00,2.46355,0.661857,0.285802,293.285,228.653
2020-05-08 22:30:00,2.68551,0.751436,0.327775,295.911,6581.82
2020-05-08 23:00:00,3.06811,1.15915,0.338284,297.19,2847.51
2020-05-08 23:30:00,3.0023,1.02097,0.319253,300.733,1344.86
2020-05-09,2.63841,0.915466,0.344615,299.962,1443.7
2020-05-09 01:30:00,3.37522,1.2786,0.380154,304.841,-2471.53
2020-05-09 02:00:00,3.15631,1.09663,0.410577,310.608,-4963.61
2020-05-09 02:30:00,3.22898,1.43525,0.366939,308.388,-1580.97
2020-05-09 03:00:00,3.77736,1.47705,0.455426,308.872,-1118.79
2020-05-09 03:30:00,3.7568,1.48097,0.446521,310.861,-7059.38
2020-05-09 04:00:00,3.4237,1.22379,0.397385,310.466,-3099.71
2020-05-09 04:30:00,3.26787,1.19638,0.408341,312.432,4004.83
2020-05-09 05:00:00,3.23546,1.37645,0.379399,312.166,-1038.45
2020-05-09 05:30:00,2.98229,0.925069,0.408576,314.12,-804.545
2020-05-09 06:00:00,3.35023,1.12299,0.407413,316.595,-526.575
2020-05-09 06:30:00,3.25586,0.906957,0.356025,320.44,-335.317
2020-05-09 07:00:00,3.51585,1.4462,0.391823,319.101,-258.378
2020-05-09 07:30:00,3.5408,1.37546,0.354921,324.922,-289.032
2020-05-09 08:00:00,3.47834,1.67565,0.343556,327.549,-168.113
2020-05-09 08:30:00,3.55086,1.96473,0.319968,329.353,-135.976
2020-05-09 09:00:00,3.34127,1.50641,0.316923,331.036,-122.868
2020-05-09 09:30:00,3.40132,2.2579,0.306813,337.269,-118.411
2020-05-09 10:00:00,2.94754,1.79799,0.204273,345.09,-32.7233
2020-05-09 10:30:00,2.78786,2.14368,0.267625,321.165,-50.8161
2020-05-09 11:00:00,2.97841,1.59567,0.31872,321.564,-139.096
2020-05-09 11:30:00,2.59538,1.2958,0.325404,317.666,-119.223
2020-05-09 12:00:00,2.33948,1.68423,0.330019,313.752,-109.396
2020-05-09 12:30:00,2.25517,2.95847,0.356726,336.282,-86.4158
2020-05-09 13:00:00,2.09996,1.73704,0.35838,279.95,-110.938
2020-05-09 13:30:00,1.88997,1.7758,0.25352,298.425,-48.0399
2020-05-09 14:00:00,1.57714,1.76101,0.295251,295.285,-72.9767
2020-05-09 14:30:00,0.647494,1.05736,0.268542,208.237,-51.6502
2020-05-09 15:00:00,0.986489,1.07147,0.206039,320.951,-30.8383
2020-05-09 15:30:00,0.915414,0.764409,0.258027,288.389,-67.2879
2020-05-09 16:00:00,0.979232,0.932173,0.285572,253.97,-111.277
2020-05-09 16:30:00,1.21268,1.34015,0.144631,248.008,-18.29
2020-05-09 17:00:00,0.906049,0.40746,0.195764,185.031,395.917
2020-05-09 17:30:00,0.204893,0.0609,0.174838,12.1459,-89.5085
2020-05-09 18:00:00,0.902125,0.525252,0.174848,126.402,104.116
2020-05-09 18:30:00,2.87244,1.26129,0.272453,167.502,55.2666
2020-05-09 19:00:00,3.62848,1.08035,0.297798,162.993,58.7181
2020-05-09 19:30:00,3.10146,0.430749,0.246748,159.777,39.7511
2020-05-09 20:00:00,3.13188,0.393035,0.232051,158.539,31.4809
2020-05-09 20:30:00,3.25326,0.346415,0.230266,161.237,45.0858
2020-05-09 21:00:00,3.12097,0.313798,0.220116,152.792,45.5176
2020-05-09 21:30:00,2.80252,0.313158,0.192498,147.642,38.7132
2020-05-09 22:00:00,2.98966,0.37664,0.200247,157.351,46.7108
2020-05-09 22:30:00,3.34963,0.388041,0.207141,156.77,48.9313
2020-05-09 23:00:00,3.42185,0.643491,0.276758,154.613,109.193
2020-05-09 23:30:00,3.22172,1.6642,0.32035,178.726,165.473
2020-05-10,2.64128,0.552728,0.288655,193.872,119.304
2020-05-10 00:30:00,2.10736,1431.09,38.1918,185.686,-20537.8
2020-05-10 01:00:00,1.9712,0.196243,0.160332,168.561,-480.129
2020-05-10 01:30:00,2.01633,0.153686,0.137696,161.676,1329.74
2020-05-10 02:00:00,1.55935,0.127228,0.134786,147.432,-94.578
2020-05-10 02:30:00,1.40003,0.168972,0.121624,136.328,-835.129
2020-05-10 03:00:00,1.36457,0.225708,0.148389,163.542,143.343
2020-05-10 03:30:00,1.52852,0.112029,0.113327,148.888,-752.388
2020-05-10 04:00:00,1.98271,0.198166,0.165126,150.22,-435.962
2020-05-10 04:30:00,1.72537,0.199904,0.166864,146.49,-861.202
2020-05-10 05:00:00,1.72586,0.183475,0.147297,155.449,-470.824
2020-05-10 05:30:00,2.12754,0.2586,0.151381,150.86,-80.7799
2020-05-10 06:00:00,2.47686,0.436303,0.203936,144.804,-265.977
2020-05-10 06:30:00,1.65861,1.33379,0.249955,188.997,-520.319
2020-05-10 07:00:00,1.36206,0.299545,0.170105,188.53,-177.062
2020-05-10 07:30:00,1.55414,0.276628,0.164777,180.394,-164.114
2020-05-10 08:00:00,1.15284,0.208792,0.12422,217.969,290.218
2020-05-10 08:30:00,1.81951,0.308153,0.16894,247.271,-371.674
2020-05-10 09:00:00,1.36985,0.17023,0.150698,263.801,-4032.72
2020-05-10 09:30:00,1.12935,0.147174,0.117512,267.331,-254.469
2020-05-10 10:00:00,1.0007,0.239784,0.12189,239.18,85.9343
2020-05-10 10:30:00,0.772485,0.353678,0.0647,211.681,14.4126
2020-05-10 11:00:00,1.0157,0.0584,0.0547,158.195,13.0731
2020-05-10 11:30:00,1.12724,0.131786,0.0652,159.421,21.9439
2020-05-10 12:00:00,0.58776,0.381618,0.0895,204.339,-24.1635
2020-05-10 12:30:00,0.878775,0.314813,0.118727,269.469,-23.263
2020-05-10 13:00:00,1.33898,0.352387,0.185894,315.312,-59.9012
2020-05-10 13:30:00,1.85134,0.50986,0.265691,307.202,-48.0472
2020-05-10 14:00:00,2.08151,0.889134,0.221565,328.278,-49.7003
2020-05-10 14:30:00,2.48538,0.572966,0.203239,326.435,-51.8206
2020-05-10 15:00:00,2.50049,0.874745,0.245471,326.163,-117.072
2020-05-10 15:30:00,2.5558,0.791538,0.188803,336.496,-55.5638
2020-05-10 16:00:00,2.56546,1.4046,0.29474,340.047,-254.715
2020-05-10 16:30:00,2.77632,1.5594,0.233785,329.164,-112.559
2020-05-10 17:00:00,2.85437,1.04737,0.289936,322.841,-689.982
2020-05-10 17:30:00,2.66029,1.17415,0.329189,325.59,435.071
2020-05-10 18:00:00,2.778,0.825122,0.270392,331.57,381.388
2020-05-10 18:30:00,2.54156,0.691645,0.233413,333.36,166.665
2020-05-10 19:00:00,2.36627,0.549111,0.204829,330.37,63.5214
2020-05-10 19:30:00,2.23917,0.474776,0.195493,329.727,55.3646
2020-05-10 20:00:00,1.5983,0.210347,0.145401,331.471,19.4192
2020-05-10 20:30:00,1.35172,0.170072,0.135064,327.884,13.5733
2020-05-10 21:00:00,1.22272,0.119448,0.157025,318.888,23.4068
2020-05-10 21:30:00,1.83769,0.339591,0.260134,312.777,96.4228
2020-05-10 22:00:00,2.15915,0.404029,0.28072,314.421,101.54
2020-05-10 22:30:00,2.18519,0.437364,0.240541,316.15,75.3716
2020-05-10 23:00:00,2.10737,0.433946,0.264316,310.35,88.4591
2020-05-10 23:30:00,2.14812,0.467845,0.306299,305.58,123.158
2020-05-11,1.79986,0.426049,0.264289,304.863,86.9071
2020-05-11 00:30:00,1.99664,0.491536,0.251526,309.045,155.944
2020-05-11 01:00:00,2.36986,0.60765,0.324541,309.055,342.233
2020-05-11 01:30:00,2.56653,0.642729,0.287055,304.399,361.881
2020-05-11 02:00:00,2.47033,0.655164,0.303193,311.884,261.282
2020-05-11 02:30:00,2.21603,0.53817,0.286528,307.595,1286.31
2020-05-11 03:00:00,2.14227,0.522618,0.237532,301.557,518.185
2020-05-11 03:30:00,2.32346,0.769645,0.305637,305.88,-2107.16
2020-05-11 04:00:00,2.29174,0.525047,0.322916,307.713,-306.994
2020-05-11 04:30:00,2.4241,0.804184,0.331131,310.94,-174.765
2020-05-11 05:00:00,2.19411,0.614123,0.292678,313.521,-128.875
2020-05-11 05:30:00,2.81308,0.815357,0.330099,312.853,-110.237
2020-05-11 06:00:00,2.49232,1.09684,0.375169,311.244,-149.445
2020-05-11 06:30:00,2.74853,0.988195,0.38134,315.164,-118.173
2020-05-11 07:00:00,2.58855,0.88261,0.248057,327.537,-50.7861
2020-05-11 07:30:00,2.75432,0.844945,0.289674,323.947,-69.5391
2020-05-11 08:00:00,2.88037,1.39436,0.290655,325.109,-62.6852
2020-05-11 08:30:00,3.00674,1.6157,0.279459,333.479,-87.659
2020-05-11 09:00:00,2.76185,1.69255,0.22003,329.987,-26.4131
2020-05-11 09:30:00,3.1347,2.08009,0.310182,337.904,-68.1421
2020-05-11 10:00:00,3.00524,1.36544,0.249444,334.426,-35.5461
2020-05-11 10:30:00,3.14238,1.9443,0.339073,327.816,-54.3888
2020-05-11 11:00:00,2.90743,1.37166,0.283592,333.024,-46.3308
2020-05-11 11:30:00,2.75622,1.98246,0.345597,327.827,-64.7226
2020-05-11 12:00:00,2.94425,1.62866,0.294736,327.106,-57.1558
2020-05-11 12:30:00,2.96502,1.07102,0.308829,324.304,-42.3591
2020-05-11 13:00:00,3.08637,1.58725,0.355054,321.432,-65.0156
2020-05-11 13:30:00,2.84042,2.52359,0.366503,322.133,-66.7712
2020-05-11 14:00:00,2.70411,1.34899,0.309743,323.558,-44.4205
2020-05-11 14:30:00,2.58935,2.36655,0.330497,316.519,-47.7321
2020-05-11 15:00:00,2.78008,1.94739,0.333943,331.898,-68.4671
2020-05-11 15:30:00,3.36129,2.50845,0.411108,307.068,-130.916
2020-05-11 16:00:00,3.4107,2.72432,0.333946,349.432,-71.997
2020-05-11 16:30:00,3.07049,3.98813,0.466447,315.673,-212.092
2020-05-11 17:00:00,3.34134,1.4625,0.406709,297.471,-167.49
2020-05-11 17:30:00,2.27185,0.887498,0.258354,296.466,-40.7769
2020-05-11 18:00:00,2.66876,1.29634,0.342644,303.434,-90.616
2020-05-11 18:30:00,2.03494,0.927748,0.17618,355.372,-19.617
2020-05-11 19:00:00,2.06106,1.23037,0.233476,312.493,-226.411
2020-05-11 19:30:00,2.37482,0.640779,0.315168,307.488,679.095
2020-05-11 20:00:00,2.61258,0.876401,0.275775,301.227,118.603
2020-05-11 20:30:00,1.85375,0.402027,0.266209,296.282,87.727
2020-05-11 21:00:00,1.73491,0.294036,0.199272,283.282,41.1554
2020-05-11 21:30:00,1.87674,0.277205,0.221483,275.6,111.939
2020-05-11 22:00:00,1.57973,0.152038,0.193018,268.994,63.761
2020-05-11 22:30:00,1.72122,0.161238,0.198075,268.2,52.1478
2020-05-11 23:00:00,1.55166,0.172801,0.204762,273.993,45.7726
2020-05-11 23:30:00,1.60211,0.303311,0.192063,277.913,44.5357
2020-05-12,1.96316,0.417204,0.231624,291.713,98.1778
2020-05-12 00:30:00,77.4016,28858.5,166.713,286.616,863691
2020-05-12 01:00:00,2.00281,0.357299,0.22204,287.795,98.013
2020-05-12 01:30:00,1.73473,0.305776,0.222653,285.032,150.953
2020-05-12 02:00:00,1.48067,0.197913,0.178852,267.954,48.7834
2020-05-12 02:30:00,1.5488,0.165712,0.180872,270.456,55.6778
2020-05-12 03:00:00,1.50354,0.162436,0.157915,270.453,42.5051
2020-05-12 03:30:00,1.10427,0.215236,0.170869,278.24,36.2936
2020-05-12 04:30:00,1.96817,0.303196,0.224963,268.109,-91.7125
2020-05-12 06:00:00,2.34702,0.669572,0.270433,269.652,-40.4488
2020-05-12 06:30:00,2.50371,0.901489,0.324061,275.038,-68.4998
2020-05-12 07:00:00,2.75733,0.953125,0.300215,277.834,-66.1757
2020-05-12 07:30:00,2.9369,1.59408,0.350979,283.97,-77.4881
2020-05-12 08:00:00,2.59729,1.91283,0.291961,280.173,-47.1924
2020-05-12 08:30:00,2.65735,2.66996,0.363472,280.717,-68.7346
2020-05-12 09:00:00,2.15296,1.83185,0.304038,274.554,-44.4713
2020-05-12 09:30:00,2.72544,1.48167,0.293966,282.617,-37.6789
2020-05-12 10:00:00,2.5388,1.91471,0.291737,301.145,-70.0888
2020-05-12 10:30:00,1.99227,1.59805,0.29761,260.443,-39.5641
2020-05-12 11:00:00,1.23349,0.869931,0.275594,263.45,-49.8375
2020-05-12 11:30:00,2.0551,1.8418,0.352372,298.481,-51.3921
2020-05-12 12:00:00,2.51499,1.28893,0.359811,283.963,-53.0183
2020-05-12 12:30:00,1.9394,1.0042,0.288504,317.523,-39.3515
2020-05-12 13:00:00,1.97298,1.75173,0.291344,297.299,-27.0583
2020-05-12 13:30:00,2.22776,1.77844,0.286391,286.869,-39.946
2020-05-12 14:00:00,2.04422,1.3116,0.297295,269.432,-27.3022
2020-05-12 14:30:00,1.73546,0.855964,0.231246,264.086,-31.9032
2020-05-12 15:00:00,1.89231,1.42423,0.259817,300.294,-33.3267
2020-05-12 15:30:00,2.0753,1.61926,0.29825,298.383,-42.3113
2020-05-12 16:00:00,1.67417,1.65598,0.316608,278.181,-66.0668
2020-05-12 16:30:00,1.43497,1.70566,0.298278,291.251,-124.235
2020-05-12 17:00:00,2.04948,1.07065,0.282439,303.739,-76594
2020-05-12 17:30:00,1.26038,0.907538,0.168434,54.6053,47785.5
2020-05-12 18:00:00,0.874147,0.198579,0.103404,181.526,-18.117
2020-05-12 18:30:00,0.872688,0.219089,0.112192,235.52,26.292
2020-05-12 19:00:00,0.493973,0.0362,0.0501,157.073,-5.46328
2020-05-12 19:30:00,0.259441,0.0517,0.0874,133.235,-17.3283
2020-05-12 20:00:00,0.456146,0.212426,0.165717,1.66762,33.9166
2020-05-12 20:30:00,0.688661,0.034,0.111718,177.378,12.9679
2020-05-12 21:00:00,0.926855,0.0749,0.0588,166.245,11.6081
2020-05-12 21:30:00,0.711083,0.0411,0.0626,160.996,-13.2277
2020-05-12 22:00:00,0.985229,0.0419,0.0601,164.877,22.0679
2020-05-12 22:30:00,0.784685,0.0813,0.0825,175.743,3.30317
2020-05-12 23:00:00,0.665784,0.0443,0.0475,177.328,-2.8185
2020-05-12 23:30:00,0.712183,0.0802,0.0268,189.624,-2.25516
2020-05-13,0.650066,0.0565,0.0246,181.772,-0.376255
2020-05-13 00:30:00,27.9557,4025.18,163.619,212.555,92200000
2020-05-13 01:00:00,1.2232,0.113011,0.144546,264.339,13.2744
2020-05-13 01:30:00,0.800744,0.0761,0.0984,266.5,19.1993
2020-05-13 02:00:00,1.00169,0.143673,0.168771,297.334,22.1495
2020-05-13 02:30:00,0.870435,0.101824,0.151162,293.99,32.0179
2020-05-13 03:00:00,0.608861,0.0839,0.10552,309.43,7.59324
2020-05-13 03:30:00,0.748846,0.108323,0.142469,298.695,25.7563
2020-05-13 04:00:00,1.39143,0.225705,0.161681,296.153,2323.87
2020-05-13 04:30:00,1.35858,0.255482,0.171207,310.467,-939.648
2020-05-13 05:00:00,2.08269,0.376318,0.25591,320.682,-264.637
2020-05-13 05:30:00,1.94673,0.47186,0.204578,328.393,-83.2355
2020-05-13 06:00:00,2.5359,0.862213,0.228927,328.117,-81.1765
2020-05-13 06:30:00,2.55168,1.20875,0.212326,335.113,-85.8187
2020-05-13 07:00:00,2.27982,0.782538,0.221228,328.919,-42.1537
2020-05-13 07:30:00,2.31854,1.19485,0.265759,321.438,-53.9032
2020-05-13 08:00:00,1.42135,0.829879,0.242536,320.278,-22.52
2020-05-13 08:30:00,1.80126,1.55965,0.281354,348.662,-20.7824
2020-05-13 09:00:00,1.33258,2.35715,0.291487,287.559,-30.6705
2020-05-13 09:30:00,1.91953,1.77958,0.259113,298.223,-20.6196
2020-05-13 10:00:00,1.77803,0.968675,0.350172,315.842,-47.7957
2020-05-13 10:30:00,2.35529,1.48738,0.317545,311.679,-42.1606
2020-05-13 11:00:00,1.60414,1.69143,0.263805,297.692,-22.9672
2020-05-13 11:30:00,2.18079,2.12711,0.295931,321.214,-34.5804
2020-05-13 12:00:00,2.82507,2.03313,0.221789,341.523,-18.4579
2020-05-13 12:30:00,1.71292,0.463099,0.21274,322.446,-17.8351
2020-05-13 13:00:00,1.86405,1.38545,0.277656,278.222,-44.2416
2020-05-13 13:30:00,2.65604,1.24474,0.372006,291.851,-66.4613
2020-05-13 14:00:00,2.34185,1.07647,0.292765,310.409,-40.9746
2020-05-13 14:30:00,2.28362,1.31414,0.318324,289.787,-61.6681
2020-05-13 15:00:00,2.21225,0.910076,0.269277,306.323,-37.2323
2020-05-13 15:30:00,1.53763,1.18623,0.205221,335.145,-33.166
2020-05-13 16:00:00,1.79299,1.4494,0.3464,321.247,-138.754
2020-05-13 16:30:00,2.09191,0.488984,0.198144,300.504,-77.5613
2020-05-13 17:00:00,1.46922,0.241519,0.176176,294.768,-134.639
2020-05-13 17:30:00,1.06003,0.112823,0.141433,299.453,23.4173
2020-05-13 18:00:00,0.658826,0.0506,0.116864,322.905,14.7688
2020-05-13 18:30:00,0.64782,0.0672,0.110035,307.844,7.61956
2020-05-13 19:00:00,0.93883,0.103268,0.11,295.331,5.77673
2020-05-13 19:30:00,1.03367,0.118556,0.172679,291.208,20.1432
2020-05-13 20:00:00,1.2168,0.175239,0.143951,284.871,20.4554
2020-05-13 20:30:00,1.45953,0.20061,0.198038,292.072,65.5057
2020-05-13 21:00:00,1.22633,0.193122,0.192429,298.359,31.1964
2020-05-13 21:30:00,1.49883,0.192703,0.179804,273.545,40.8747
2020-05-14 00:30:00,1.47286,0.0985,0.15444,263.756,33.899
2020-05-14 01:00:00,1.08813,0.111413,0.133347,272.982,24.2832
2020-05-14 01:30:00,1.35624,0.176238,0.195879,286.354,66.4141
2020-05-14 02:00:00,1.59889,0.201361,0.212647,279.486,64.0392
2020-05-14 02:30:00,1.18203,0.151436,0.16281,282.478,37.5246
2020-05-14 03:00:00,1.39748,0.190045,0.17672,273.34,57.1873
2020-05-14 03:30:00,1.58498,0.266575,0.231044,282.116,315.405
2020-05-14 04:00:00,1.87125,0.372627,0.240111,283.382,-454.671
2020-05-14 04:30:00,2.14514,0.427563,0.227499,282.502,-80.1779
2020-05-14 05:00:00,1.60345,0.427122,0.203376,299.625,-59.7061
2020-05-14 05:30:00,1.78245,0.394791,0.211994,322.633,-73.7328
2020-05-14 06:00:00,1.75508,0.804853,0.274992,292.165,-58.4731
2020-05-14 06:30:00,2.01857,0.89049,0.261224,301.975,-51.7368
2020-05-14 07:00:00,2.07104,0.980789,0.275682,300.521,-48.4347
2020-05-14 07:30:00,1.58828,0.919777,0.232034,296.467,-30.1268
2020-05-14 08:00:00,1.81615,0.877585,0.287857,304.531,-40.4399
2020-05-14 08:30:00,2.79113,1.29066,0.262421,254.164,-25.0822
2020-05-14 09:00:00,2.49681,2.50586,0.32686,280.223,-46.3216
2020-05-14 09:30:00,2.06582,2.00576,0.382756,298.81,-50.4807
2020-05-14 10:00:00,1.99991,2.84779,0.32805,290.034,-38.8048
2020-05-14 10:30:00,2.33461,2.56336,0.353674,285.558,-47.4102
2020-05-14 11:00:00,2.95738,1.65621,0.34625,281.008,-51.1249
2020-05-14 11:30:00,3.02168,2.43844,0.381664,273.436,-56.6404
2020-05-14 12:00:00,2.02231,2.20374,0.355838,302.014,-41.2832
2020-05-14 12:30:00,2.82515,2.35853,0.387674,274.01,-58.9042
2020-05-14 13:00:00,2.31793,1.71251,0.344711,306.872,-30.4933
2020-05-14 13:30:00,3.07243,2.13797,0.380784,286.355,-47.9933
2020-05-14 14:00:00,2.5782,1.97259,0.292724,285.713,-42.6236
2020-05-14 14:30:00,2.56974,3.05222,0.420198,288.965,-72.2639
2020-05-14 15:00:00,2.71561,1.19155,0.363676,277.074,-45.8578
2020-05-14 15:30:00,3.06825,2.22944,0.397888,289.906,-46.0468
2020-05-14 16:00:00,2.2081,2.1074,0.388167,280.787,-57.3748
2020-05-14 16:30:00,2.14933,1.4292,0.323691,306.59,-39.0253
2020-05-14 17:00:00,2.29382,2.69597,0.344733,267.412,-47.147
2020-05-14 17:30:00,2.07414,3.10316,0.292329,268.156,-80.4509
2020-05-14 18:00:00,1.34325,1.74916,0.297566,350.198,-133.068
2020-05-14 18:30:00,1.65079,1.12324,0.189981,248.395,-45.1483
2020-05-14 19:00:00,1.28074,0.325584,0.155717,280.022,-853.78
2020-05-14 19:30:00,1.28054,0.440855,0.23216,253.389,-91.9178
2020-05-14 20:00:00,1.0428,0.118767,0.133722,262.62,50.5978
2020-05-14 20:30:00,1.24034,0.0933,0.129223,265.178,29.9554
2020-05-14 21:00:00,0.943469,0.0213,0.0745,254.983,5.02391
2020-05-14 21:30:00,0.56137,0.125072,0.0911,226.861,5.7951
2020-05-14 22:00:00,0.564317,0.0185,0.0405,167.278,-6.24921
2020-05-14 22:30:00,0.843885,0.0492,0.0827,233.643,4.45359
2020-05-14 23:00:00,1.02679,0.0408,0.0889,249.906,6.75404
2020-05-14 23:30:00,1.24043,0.0806,0.12346,251.934,16.9198
2020-05-15,1.27754,0.0905,0.131266,249.796,16.876
2020-05-15 00:30:00,1.84127,0.198245,0.192115,259.345,66.2227
2020-05-15 01:00:00,1.95401,0.233565,0.189853,266.469,92.8587
2020-05-15 01:30:00,1.69932,0.178685,0.184943,268.507,81.4057
2020-05-15 02:00:00,1.43023,0.137169,0.160296,271.115,38.5751
2020-05-15 02:30:00,1.45959,0.154256,0.141715,270.409,43.4669
2020-05-15 03:00:00,1.68867,0.328617,0.22106,293.001,67.6944
2020-05-15 03:30:00,1.53821,0.236429,0.203128,302.934,138.438
2020-05-15 04:00:00,1.70521,0.314828,0.17909,281.184,-61.9397
2020-05-15 04:30:00,1.68517,0.308888,0.21863,280.543,-86.7937
2020-05-15 05:00:00,1.71952,0.353008,0.230735,282.31,-43.0997
2020-05-15 05:30:00,2.10399,0.61793,0.268075,285.321,-58.7728
2020-05-15 06:00:00,2.10886,0.688852,0.291257,294.383,-66.3439
2020-05-15 06:30:00,2.43394,1.4201,0.328922,284.528,-68.243
2020-05-15 07:00:00,2.21749,1.28145,0.325749,299.636,-59.5671
2020-05-15 07:30:00,2.38866,1.63254,0.396497,298.698,-79.6046
2020-05-15 08:00:00,2.3967,1.70018,0.287586,304.164,-36.7908
2020-05-15 08:30:00,2.81334,1.47011,0.350956,265.032,-53.1041
2020-05-15 09:00:00,2.57049,1.48684,0.313807,287.185,-36.1537
2020-05-15 09:30:00,2.30133,1.95041,0.318558,275.799,-28.1958
2020-05-15 10:00:00,2.50713,2.09199,0.327921,252.606,-25.7996
2020-05-15 10:30:00,3.23101,1.77217,0.283591,242.622,-11.6888
2020-05-15 11:00:00,3.32748,2.81793,0.351097,264.476,-27.1338
2020-05-15 11:30:00,2.75126,2.13294,0.318569,280.502,-22.3692
2020-05-15 12:00:00,2.70072,2.03487,0.373987,272.301,-35.8858
2020-05-15 12:30:00,2.91594,1.47973,0.332879,292.958,-33.9367
2020-05-15 13:00:00,2.90136,1.62055,0.367812,264.118,-39.2396
2020-05-15 13:30:00,3.09157,1.80862,0.331034,255.033,-28.1082
2020-05-15 14:00:00,2.54737,2.37274,0.360507,278.033,-36.7621
2020-05-15 14:30:00,1.80958,1.82196,0.402124,306.489,-73.4665
2020-05-15 15:00:00,3.67886,1.45615,0.364968,262.199,-49.8158
2020-05-15 15:30:00,2.51951,1.79496,0.358241,267.582,-32.2818
2020-05-15 16:00:00,2.33281,3.91288,0.342799,268.566,-48.2225
2020-05-15 16:30:00,1.46658,0.92539,0.240301,337.77,-28.7979
2020-05-15 17:00:00,1.15079,1.4957,0.25924,258.191,-57.4473
2020-05-15 17:30:00,2.80771,2.15776,0.391147,227.898,-100.747
2020-05-15 18:00:00,2.69711,1.68462,0.252865,189.446,-32.0161
2020-05-15 18:30:00,2.36968,1.02978,0.264079,223.112,-32.2116
2020-05-15 19:00:00,2.17847,1.0159,0.258494,238.998,-66.4673
2020-05-15 19:30:00,1.75867,0.344391,0.238496,228.403,-111.405
2020-05-15 20:00:00,1.25018,0.15329,0.10501,223.055,55.1832
2020-05-15 20:30:00,0.854272,0.0507,0.0614,188.423,2.47784
2020-05-15 21:00:00,0.98638,0.0847,0.0555,151.004,7.45541
2020-05-15 21:30:00,1.66923,0.129965,0.095,156.581,9.80184
2020-05-15 22:00:00,2.17407,0.240956,0.163158,169.336,195.866
2020-05-15 22:30:00,1.5839,0.102945,0.100738,177.114,23.6601
2020-05-15 23:00:00,1.28398,0.0974,0.11899,191.646,18.3049
2020-05-15 23:30:00,1.52985,0.163975,0.17354,211.157,46.1716
2020-05-16,1.3032,0.109751,0.144517,215.344,40.6905
2020-05-16 01:30:00,0.579648,0.0617,0.0642,211.756,2.89499
2020-05-16 02:00:00,0.444622,0.0238,0.0432,164.459,-2.10162
2020-05-16 02:30:00,0.376703,0.0273,0.0344,175.458,-17.7365
2020-05-16 03:00:00,0.620715,0.0604,0.0488,219.828,5.28148
2020-05-16 03:30:00,0.728982,0.0311,0.0571,208.193,4.74436
2020-05-16 04:00:00,1.2715,0.0685,0.116792,237.017,16.1116
2020-05-16 04:30:00,1.43522,0.0858,0.134285,250.421,-111.407
2020-05-16 05:00:00,1.58676,0.212977,0.176877,257.53,-34.8307
2020-05-16 05:30:00,1.39007,0.1318,0.132529,258.901,-35.5228
2020-05-16 06:00:00,0.862487,0.316077,0.118872,265.96,-9.32616
2020-05-16 06:30:00,0.863346,0.467241,0.216149,285.997,-30.5461
2020-05-16 07:00:00,0.691771,0.193752,0.194585,27.9851,-15.566
2020-05-16 07:30:00,0.257656,0.348269,0.101697,219.61,-1.70927
2020-05-16 08:00:00,0.145481,0.754126,0.14104,17.4716,-4.06112
2020-05-16 08:30:00,1.40629,0.534308,0.123863,196.198,-2.38566
2020-05-16 09:00:00,1.68003,0.672064,0.114751,225.255,-1.49744
2020-05-16 09:30:00,1.46826,0.117131,0.132433,262.534,-8.29039
2020-05-16 10:00:00,0.444411,0.577754,0.305746,214.987,-46.7825
2020-05-16 10:30:00,0.917318,0.278683,0.170258,17.0843,-5.30634
2020-05-16 11:00:00,1.16158,0.775499,0.0893,1.61242,-0.72814
2020-05-16 11:30:00,0.850587,2.28605,0.240892,328.436,-12.6023
2020-05-16 12:00:00,0.331782,1.91762,0.383331,280.649,-47.741
2020-05-16 12:30:00,2.3471,1.95222,0.326393,227.351,-25.1588
2020-05-16 13:00:00,2.55394,1.21379,0.318465,221.301,-36.8349
2020-05-16 13:30:00,1.43111,0.908554,0.194975,225.414,-8.53392
2020-05-16 14:00:00,1.59879,1.10586,0.229875,93.8073,-40.7458
2020-05-16 14:30:00,2.79236,1.15446,0.330933,108.11,-69.147
2020-05-16 15:00:00,3.06734,1.10645,0.254193,137.408,-74.5604
2020-05-16 15:30:00,2.69272,0.527069,0.216596,145.38,-137.455
2020-05-16 16:00:00,1.84635,0.326529,0.221205,171.528,0.551978
2020-05-16 16:30:00,0.727289,0.238189,0.0818,132.046,-1.92347
2020-05-16 17:00:00,1.32009,0.124938,0.142716,235.719,-10.8358
2020-05-16 17:30:00,1.47657,0.148558,0.152198,256.085,-12.077
2020-05-16 18:00:00,1.02648,0.128054,0.145748,61.4244,-11.1021
2020-05-16 18:30:00,1.09613,0.123452,0.12194,70.8143,-9.09326
2020-05-16 19:00:00,0.697034,0.0456,0.05,79.6284,-2.38199
2020-05-16 19:30:00,0.670817,0.0415,0.0338,68.7005,-1.19058
2020-05-16 20:00:00,1.00806,0.192462,0.0955,65.5593,20.0683
2020-05-16 20:30:00,1.01558,0.0989,0.126876,97.0837,31.316
2020-05-16 21:00:00,1.08526,0.0966,0.141964,105.368,73.1183
2020-05-16 21:30:00,0.856999,0.0966,0.083,108.662,15.8474
2020-05-16 22:00:00,0.584616,0.198981,0.103201,94.4267,9.64304
2020-05-16 22:30:00,0.622158,0.0713,0.0646,141.42,4.65908
2020-05-16 23:00:00,0.503657,0.122332,0.05,128.729,-7.03273
2020-05-16 23:30:00,0.329835,0.089,0.233967,87.0868,41.3074
2020-05-17,0.232834,0.0438,0.165023,41.4786,22.7788
2020-05-17 01:00:00,0.354224,0.0333,0.0618,159.078,124.131
2020-05-17 01:30:00,0.120399,0.0265,0.0924,224.744,-16.8478
2020-05-17 02:00:00,0.436665,0.00395,0.0704,11.5082,-11.1022
2020-05-17 02:30:00,0.107308,0.032,0.0708,56.9945,-20.5126
2020-05-17 03:00:00,0.076,0.031,0.0827,72.0767,-6.91088
2020-05-17 03:30:00,0.216669,0.0187,0.083,44.6471,-4.80666
2020-05-17 04:00:00,0.59164,0.0138,0.0902,12.054,-24.0251
2020-05-17 04:30:00,0.657298,0.0136,0.0702,13.6279,-17.8027
2020-05-17 05:00:00,0.88784,0.0259,0.0825,13.9285,-8.16364
2020-05-17 05:30:00,0.785499,0.0705,0.108018,357.94,-19.9935
2020-05-17 06:00:00,0.923929,0.14744,0.106254,340.171,-18.2196
2020-05-17 06:30:00,1.20346,0.423036,0.147016,355.348,-25.6825
2020-05-17 07:00:00,1.5001,0.243601,0.162321,1.98889,-18.4465
2020-05-17 07:30:00,1.84572,0.467733,0.234691,7.31081,-38.6312
2020-05-17 08:00:00,2.09812,0.536827,0.20765,7.3807,-21.7052
2020-05-17 08:30:00,1.83021,0.608051,0.178062,20.7693,-18.7125
2020-05-17 09:00:00,1.95429,1.25386,0.267996,22.9022,-36.1176
2020-05-17 09:30:00,2.94529,1.82002,0.273586,41.9889,-27.6119
2020-05-17 10:00:00,2.22662,1.49656,0.230255,46.8711,-16.2281
2020-05-17 10:30:00,1.68295,1.12733,0.267443,83.6449,-30.6708
2020-05-17 11:00:00,0.868351,0.674458,0.279144,49.1492,-47.1898
2020-05-17 11:30:00,1.53609,1.19054,0.24857,318.312,-31.8994
2020-05-17 12:00:00,3.2748,1.20365,0.324067,12.6875,-53.9734
2020-05-17 12:30:00,1.85238,0.985874,0.320407,1.9143,-48.4694
2020-05-17 13:00:00,1.22424,1.72707,0.301538,17.9794,-25.9319
2020-05-17 13:30:00,2.2617,2.72045,0.307656,77.8629,-90.4477
2020-05-17 14:00:00,2.01497,3.7498,0.270352,86.3499,-25.7779
2020-05-17 14:30:00,2.14353,2.43001,0.245133,353.611,-82.5178
2020-05-17 15:00:00,1.37775,0.327724,0.229184,302.574,-55.8523
2020-05-17 15:30:00,1.84154,1.30076,0.172646,37.2367,-15.5164
2020-05-17 16:00:00,1.12999,0.580223,0.11129,65.7539,-5.59743
2020-05-17 16:30:00,0.801975,0.291523,0.0871,343.296,-1.63854
2020-05-17 17:00:00,1.26255,0.595936,0.17697,303.718,-20.4803
2020-05-17 17:30:00,1.54338,0.804342,0.194387,309.077,-38.0738
2020-05-17 18:00:00,1.54478,2.0994,0.362795,346.945,-181.716
2020-05-17 18:30:00,1.3219,1.36219,0.230951,339.149,-248.276
2020-05-17 19:00:00,1.52444,0.094,0.147921,256.839,-36.5297
2020-05-17 19:30:00,0.591066,0.0878,0.0827,272.522,-86.3813
2020-05-17 20:00:00,1.23777,0.222491,0.157487,260.015,25.4932
2020-05-17 20:30:00,0.842477,0.08,0.168743,243.037,24.5185
2020-05-17 21:00:00,0.531004,0.214662,0.172538,337.426,10.1557
2020-05-17 21:30:00,0.76329,0.611203,0.13056,333.727,55.4279
2020-05-17 22:00:00,0.811365,0.132456,0.122204,317.246,13.5456
2020-05-17 22:30:00,0.765393,0.0932,0.110238,306.725,11.5786
2020-05-17 23:00:00,0.443721,0.238134,0.120268,340.666,9.51944
2020-05-17 23:30:00,0.415865,0.0598,0.0424,137.779,-3.31577
2020-05-18,0.245399,0.0945,0.113763,131.676,-6.24202
2020-05-18 01:30:00,0.257183,0.0305,0.0423,138.796,-5.86067
2020-05-18 02:00:00,0.312871,0.13552,0.202238,7.37497,14.5743
2020-05-18 02:30:00,0.568702,0.243019,0.0989,356.837,14.6982
2020-05-18 03:00:00,0.468564,0.166323,0.140166,340.879,57.4276
2020-05-18 03:30:00,1.05731,0.180683,0.131709,329.762,17.8592
2020-05-18 04:00:00,0.905809,0.105886,0.119399,342.965,36.0404
2020-05-18 04:30:00,1.24861,0.234308,0.136318,349.239,61.2344
2020-05-18 05:00:00,1.25533,0.223166,0.120033,341.721,-62.1074
2020-05-18 05:30:00,1.31673,0.343562,0.168743,341.544,-59.9568
2020-05-18 06:00:00,1.84966,0.301612,0.167726,332.93,-119.037
2020-05-18 06:30:00,1.49279,0.340744,0.14452,342.376,-20.3317
2020-05-18 07:00:00,2.10725,0.65826,0.176884,349.005,-16.2782
2020-05-18 07:30:00,2.11211,0.620342,0.179915,353.786,-15.7802
2020-05-18 08:00:00,1.85214,1.05477,0.259303,349.309,-24.8369
2020-05-18 08:30:00,1.87474,1.8676,0.253924,328.325,-19.9456
2020-05-18 09:00:00,1.64999,1.19391,0.212746,300.383,-25.3481
2020-05-18 09:30:00,1.26771,1.69268,0.283869,327.641,-34.4018
2020-05-18 10:00:00,3.00181,1.8611,0.434212,274.767,-94.4752
2020-05-18 10:30:00,2.62136,1.42623,0.268396,236.552,-34.4645
2020-05-18 11:00:00,1.38445,4.04686,0.307041,253.441,-27.6158
2020-05-18 11:30:00,3.01018,1.65295,0.389387,277.22,-54.8941
2020-05-18 12:00:00,1.15698,1.59209,0.320463,312.627,-59.4966
2020-05-18 12:30:00,2.09282,1.17306,0.298165,346.463,-69.5137
2020-05-18 13:00:00,1.0371,1.25364,0.285652,347.41,-38.6196
2020-05-18 13:30:00,2.18266,1.09184,0.349759,293.13,-88.1559
2020-05-18 14:00:00,2.55386,2.14579,0.298427,293.297,-59.002
2020-05-18 14:30:00,2.98317,1.87025,0.377108,315.701,-71.8708
2020-05-18 15:00:00,1.31771,0.636734,0.16573,338.577,-10.8455
2020-05-18 15:30:00,2.24654,1.57912,0.256677,343.055,-40.0419
2020-05-18 16:00:00,2.61213,1.11121,0.218247,346.913,-18.6013
2020-05-18 16:30:00,1.63207,0.99384,0.201678,339.603,-23.9573
2020-05-18 17:00:00,2.72538,1.08075,0.35767,307.661,-190.65
2020-05-18 17:30:00,2.04092,2.29498,0.386639,273.048,-250.426
2020-05-18 18:00:00,1.09804,0.569888,0.119893,220.188,-0.453764
2020-05-18 18:30:00,0.819782,0.326699,0.215287,305.259,-94.8802
2020-05-18 19:00:00,1.25339,0.19919,0.135005,325.906,40.0137
2020-05-18 19:30:00,1.30539,0.241906,0.161991,15.6977,-54.9608
2020-05-18 20:00:00,1.13976,0.197211,0.137933,60.2787,52.5817
2020-05-18 20:30:00,0.586872,0.58334,0.106569,4.68829,178.854
2020-05-18 21:00:00,1.05285,1.2341,0.232049,310.48,147.204
2020-05-18 21:30:00,0.816191,0.93066,0.20158,157.548,30.5778
2020-05-18 22:00:00,0.461459,0.119722,0.0923,151.698,90.452
2020-05-18 22:30:00,0.592865,0.063,0.0673,171.551,-6.15681
2020-05-18 23:00:00,0.576069,0.219246,0.100646,171.842,-4.89839
2020-05-18 23:30:00,0.625792,0.0187,0.0768,228.52,8.08962
2020-05-19,0.8657,0.106543,0.132515,248.419,6.68839
2020-05-19 00:30:00,1.23896,0.225658,0.176487,290.015,25.9426
2020-05-19 01:00:00,1.26224,0.159703,0.176305,289.151,35.2379
2020-05-19 01:30:00,1.18637,0.194061,0.158254,310.419,23.7058
2020-05-19 02:00:00,0.887143,0.149362,0.132872,305.878,25.8363
2020-05-19 02:30:00,0.638956,0.0773,0.118705,332.453,14.1331
2020-05-19 03:00:00,1.03289,0.139984,0.159976,309.491,29.6676
2020-05-19 03:30:00,0.932811,0.319997,0.126063,331.778,21.1768
2020-05-19 04:00:00,0.624139,0.0693,0.0926,346.759,15.2657
2020-05-19 04:30:00,1.36523,0.176592,0.136877,3.56503,-23.7468
2020-05-19 05:00:00,1.84354,0.288843,0.170235,330.451,-56.7752
2020-05-19 05:30:00,1.53714,0.25575,0.158686,333.748,-62.9932
2020-05-19 06:00:00,1.48064,0.207583,0.121219,333.795,-247.682
2020-05-19 06:30:00,1.30361,0.334489,0.133298,340.143,-18.1787
2020-05-19 07:00:00,1.24993,0.409086,0.112724,345.16,-5.18046
2020-05-19 07:30:00,2.23487,0.548001,0.248932,20.8414,-22.7144
2020-05-19 08:00:00,1.51696,0.946052,0.210012,17.2454,-10.0242
2020-05-19 08:30:00,1.64074,0.745819,0.210708,340.201,-25.5399
2020-05-19 09:00:00,2.95244,1.35601,0.295733,1.77802,-142.411
2020-05-19 09:30:00,2.68901,1.06513,0.178103,5.58307,-10.1593
2020-05-19 10:00:00,2.10127,1.47399,0.235429,27.9692,-11.1599
2020-05-19 10:30:00,2.13919,1.34039,0.246322,33.8639,-10.2786
2020-05-19 11:00:00,3.12049,0.881023,0.299832,26.0229,-53.9454
2020-05-19 11:30:00,2.78018,1.18799,0.296462,28.5361,-43.9829
2020-05-19 12:00:00,1.58005,1.15982,0.297655,28.1654,-37.5104
2020-05-19 12:30:00,1.32335,1.51585,0.292217,359.063,-38.0644
2020-05-19 13:00:00,2.65626,1.86443,0.282478,345.495,-109.427
2020-05-19 13:30:00,1.22459,0.242851,0.16409,324.976,-57.2728
2020-05-19 14:00:00,2.68895,0.735095,0.223145,1.66341,-19.946
2020-05-19 14:30:00,1.8836,0.30816,0.202449,359.148,-14.3955
2020-05-19 15:00:00,2.18081,1.07292,0.268522,332.51,-36.2446
2020-05-19 15:30:00,3.33655,2.58152,0.382737,345.44,-52.2282
2020-05-19 16:00:00,2.94248,0.439236,0.263541,17.3081,-77.2958
2020-05-19 16:30:00,2.87805,0.536402,0.283157,24.0038,-37.1102
2020-05-19 17:00:00,0.999955,0.469965,0.104427,0.534728,-2.01944
2020-05-19 17:30:00,1.52942,0.550154,0.164271,343.745,-10.1057
2020-05-19 18:00:00,2.76845,1.02576,0.258379,11.1124,-46.2333
2020-05-19 18:30:00,2.45625,0.496293,0.273944,30.7763,-110.901
2020-05-19 19:00:00,1.26225,0.127977,0.179299,22.1452,-47.6405
2020-05-19 19:30:00,2.20721,0.288415,0.245403,17.4283,-62.2078
2020-05-19 20:00:00,1.03629,0.472948,0.201208,348.739,-76.0059
2020-05-19 20:30:00,0.695799,0.180966,0.0982,315.698,14.2811
2020-05-19 21:00:00,0.40992,0.0625,0.0425,323.678,2.1557
2020-05-19 21:30:00,0.318173,0.0911,0.0954,351.777,4.67216
2020-05-19 22:00:00,0.227273,0.0345,0.0724,27.621,5.71149
2020-05-19 22:30:00,0.261799,0.0746,0.053,97.9755,-1.96078
2020-05-19 23:00:00,0.252504,0.0459,0.106615,40.1997,12.0621
2020-05-19 23:30:00,0.253586,0.0328,0.0555,141.499,-13.7254
2020-05-20,0.270417,0.0446,0.0599,93.1382,-3.13781
2020-05-20 00:30:00,0.406928,0.0334,0.0309,124.332,135.234
2020-05-20 01:00:00,0.273881,0.102449,0.119217,51.5074,9.14263
2020-05-20 01:30:00,0.554286,0.0524,0.0759,5.97378,5.10741
2020-05-20 02:00:00,0.602236,0.0775,0.100532,346.488,7.95121
2020-05-20 02:30:00,0.774041,0.0378,0.098,5.34957,11.5822
2020-05-20 03:00:00,0.6768,0.0456,0.101478,358.718,10.3846
2020-05-20 03:30:00,0.732366,0.0932,0.0925,357.563,6.52138
2020-05-20 04:00:00,0.889218,0.124759,0.118576,350.918,26.1682
2020-05-20 04:30:00,1.13134,0.138,0.121217,1.61136,251.288
2020-05-20 05:00:00,1.35404,0.103756,0.108218,4.63576,-28.4371
2020-05-20 05:30:00,1.58396,0.102403,0.121944,0.944502,-10.9019
2020-05-20 06:00:00,1.91733,0.288688,0.153438,0.889161,-21.2229
2020-05-20 06:30:00,1.58628,0.695376,0.131731,342.245,-13.7689
2020-05-20 07:00:00,1.47846,0.64255,0.131038,336.899,-5.92778
2020-05-20 07:30:00,1.86854,1.01701,0.256635,346.086,-32.9948
2020-05-20 08:00:00,2.04317,1.1467,0.176003,354.553,-11.3175
2020-05-20 08:30:00,2.43661,0.675184,0.255068,7.14234,-19.8097
2020-05-20 09:00:00,2.11675,1.64024,0.32132,349.268,-51.5032
2020-05-20 09:30:00,2.41006,1.32754,0.300223,351.308,-42.4997
2020-05-20 10:00:00,2.36009,2.31518,0.349738,351.611,-41.6593
2020-05-20 10:30:00,2.44145,1.503,0.243062,9.98565,-14.8795
2020-05-20 11:00:00,2.21783,2.06506,0.344813,355.265,-55.7344
2020-05-20 11:30:00,1.67711,2.09416,0.366007,328.879,-62.3177
2020-05-20 12:00:00,1.80758,1.30035,0.244324,358.673,-18.1375
2020-05-20 12:30:00,1.74755,1.01234,0.250257,332.291,-31.7755
2020-05-20 13:00:00,1.79656,1.29718,0.29374,358.271,-37.4453
2020-05-20 13:30:00,1.45559,1.72001,0.299369,349.829,-58.5769
2020-05-20 14:00:00,1.35582,0.642973,0.226985,355.352,-21.8189
2020-05-20 14:30:00,1.18931,1.95049,0.436606,337.175,-182.714
2020-05-20 15:00:00,1.5545,0.967406,0.236928,346.467,-24.0231
2020-05-20 15:30:00,1.10555,1.99103,0.264426,358.056,-42.49
2020-05-20 16:00:00,0.968164,1.98542,0.18392,36.4854,-14.138
2020-05-20 16:30:00,1.55209,0.831702,0.158057,41.0107,-19.8826
2020-05-20 17:00:00,1.37799,0.32062,0.186199,48.9325,-39.6151
2020-05-20 17:30:00,1.48655,0.247759,0.131781,27.3052,-13.0336
2020-05-20 18:00:00,0.896643,0.180692,0.128055,11.925,-37.7291
2020-05-20 18:30:00,0.82646,0.34302,0.0971,39.1504,-13.2721
2020-05-20 19:00:00,1.27073,0.293526,0.184487,47.533,77.5075
2020-05-20 19:30:00,0.926929,0.202942,0.0669,39.5238,15.8735
2020-05-20 20:00:00,2.08943,0.459085,0.133071,139.943,10.8179
2020-05-20 20:30:00,2.31896,0.114254,0.152837,159.506,47.1127
2020-05-20 21:00:00,1.84923,0.0567,0.112249,154.177,13.8573
2020-05-20 21:30:00,1.96312,0.0553,0.111979,156.132,15.8575
2020-05-20 22:00:00,1.88313,0.0696,0.147032,158.502,39.4132
2020-05-20 22:30:00,1.52311,0.0774,0.128262,146.648,41.6029
2020-05-20 23:00:00,1.22775,0.0531,0.0987,162.39,11.2795
2020-05-20 23:30:00,0.695945,0.094,0.0722,167.087,-15.8462
2020-05-21,0.674026,0.0634,0.0708,135.163,7.9317
2020-05-21 00:30:00,0.482597,0.0252,0.0941,182.304,-6.42885
2020-05-21 01:00:00,0.490004,0.0157,0.0389,164.741,7.32433
2020-05-21 01:30:00,0.560134,0.0293,0.0484,169.382,-5.2506
2020-05-21 02:00:00,0.396403,0.0813,0.0613,167.589,-36.0047
2020-05-21 02:30:00,0.427958,0.0396,0.0597,177.444,-13.0815
2020-05-21 03:00:00,0.29066,0.0398,0.0751,166.179,-7.67115
2020-05-21 03:30:00,0.261746,0.0232,0.0448,159.834,-2.10205
2020-05-21 04:00:00,0.169525,0.0144,0.0372,138.513,-8.19225
2020-05-21 04:30:00,0.238111,0.0528,0.0975,67.4608,3.47454
2020-05-21 05:00:00,0.735054,0.0895,0.101619,358.752,-14.592
2020-05-21 05:30:00,1.10333,0.156333,0.108583,354.078,-29.1635
2020-05-21 06:00:00,1.18963,0.205893,0.153076,353.645,-10.6403
2020-05-21 06:30:00,0.916486,0.216383,0.0877,351.199,-2.08746
2020-05-21 07:00:00,0.667218,0.154669,0.137479,20.9117,-5.69734
2020-05-21 07:30:00,0.59071,0.214561,0.0993,353.27,-2.73885
2020-05-21 08:00:00,0.483533,0.279632,0.219256,320.712,-23.1802
2020-05-21 08:30:00,0.625466,0.388988,0.230078,357.683,-36.0453
2020-05-21 09:00:00,0.55085,1.01596,0.23465,352.681,-25.9635
2020-05-21 11:30:00,1.14647,1.13146,0.24342,44.9687,-13.0257
2020-05-21 12:00:00,18.4818,38052.7,147.705,348.368,39059.8
2020-05-21 12:30:00,0.551266,1.52975,0.482249,85.9597,-97.4255
2020-05-21 13:00:00,0.911894,1.16685,0.417261,333.507,-66.8819
2020-05-21 13:30:00,1.76371,1.35518,0.24237,262.2,-14.0955
2020-05-21 14:00:00,0.735837,0.858893,0.341224,298.444,-36.3872
2020-05-21 14:30:00,0.348863,1.29823,0.400675,185.064,-41.5009
2020-05-21 15:00:00,1.72194,2.34173,0.29378,97.0044,-21.2649
2020-05-21 15:30:00,3.15158,0.973234,0.345853,128.923,-39.1757
2020-05-21 16:00:00,3.39874,1.2249,0.289821,156.319,-26.9875
2020-05-21 16:30:00,3.78795,3.21209,0.433287,147.862,-80.202
2020-05-21 17:00:00,4.65486,1.33213,0.379192,157.77,-78.7777
2020-05-21 17:30:00,4.3734,1.69021,0.413465,151.808,-111.867
2020-05-21 18:00:00,4.10473,1.10822,0.362927,152.721,-108.557
2020-05-21 18:30:00,4.0067,1.44957,0.326315,148.789,-113.33
2020-05-21 19:00:00,3.93737,0.87393,0.373643,161.332,-304.815
2020-05-21 19:30:00,3.18839,0.465477,0.251148,160.318,-1149.69
2020-05-21 20:00:00,2.85672,0.322508,0.25461,158.444,259.804
2020-05-21 20:30:00,2.33238,0.188744,0.188561,157.176,78.9905
2020-05-21 21:00:00,1.52688,0.0732,0.094,150.715,8.78192
2020-05-21 21:30:00,0.926969,0.0254,0.0677,157.636,3.6762
2020-05-21 22:00:00,0.794203,0.0314,0.0331,153.659,3.77082
2020-05-21 22:30:00,0.775595,0.0861,0.0828,170.031,-24.5746
2020-05-21 23:00:00,0.871402,0.0585,0.0472,159.514,4.59277
2020-05-21 23:30:00,0.728974,0.0192,0.038,159.708,12.6726
2020-05-22,0.699506,0.0496,0.068,167.546,29.8385
2020-05-22 00:30:00,0.770835,0.0796,0.0739,156.302,2.89447
2020-05-22 01:00:00,0.771503,0.0686,0.0635,152.911,2.16188
2020-05-22 01:30:00,0.522291,0.022,0.0402,177.276,40.4601
2020-05-22 02:00:00,0.614377,0.0185,0.0299,171.173,2.53743
2020-05-22 02:30:00,0.614491,0.00729,0.0281,177.272,3.83501
2020-05-22 03:00:00,0.640824,0.0253,0.0248,159.289,-2.92894
2020-05-22 03:30:00,0.530088,0.0246,0.031,141.796,0.461608
2020-05-22 04:00:00,0.408061,0.0133,0.028,131.171,3.87986
2020-05-22 04:30:00,0.476662,0.0176,0.0483,129.742,1.12061
2020-05-22 05:00:00,0.680231,0.175217,0.111465,198.107,1279.98
2020-05-22 05:30:00,1.2769,0.073,0.114169,228.623,-28.4635
2020-05-22 06:00:00,1.27655,0.234439,0.168194,208.329,-53.689
2020-05-22 06:30:00,1.62715,0.458328,0.176472,178.982,-32.542
2020-05-22 07:00:00,2.14778,0.688337,0.211907,156.306,-34.4199
2020-05-22 07:30:00,2.41664,0.716076,0.216812,159.659,-29.4977
2020-05-22 08:00:00,2.02529,0.704537,0.189518,159.629,-14.1156
2020-05-22 08:30:00,2.1904,1.30988,0.235667,189.102,-19.4312
2020-05-22 09:00:00,2.34099,1.13587,0.250007,189.247,-21.4204
2020-05-22 09:30:00,2.36228,1.06628,0.229597,177.058,-15.3121
2020-05-22 10:00:00,2.30002,1.22235,0.285786,200.361,-26.7359
2020-05-22 10:30:00,2.45033,1.8119,0.328112,166.093,-48.8494
2020-05-22 11:00:00,2.14979,3.00738,0.265083,171.795,-21.6106
2020-05-22 11:30:00,1.90533,1.58475,0.300443,178.1,-24.918
2020-05-22 12:00:00,2.16074,1.60347,0.250831,152.211,-15.4944
2020-05-22 12:30:00,2.74466,1.54649,0.260877,179.387,-17.1288
2020-05-22 13:00:00,2.80857,1.61748,0.319802,190.953,-34.3127
2020-05-22 13:30:00,2.8631,2.49738,0.370158,189.881,-48.6516
2020-05-22 14:00:00,4.11744,2.06055,0.38042,168.352,-55.0266
2020-05-22 14:30:00,3.71799,3.87326,0.424835,165.049,-67.9604
2020-05-22 15:00:00,3.3336,2.11708,0.296915,172.12,-26.8809
2020-05-22 15:30:00,4.12283,1.41287,0.304097,147.538,-34.8943
2020-05-22 16:00:00,3.90008,1.42803,0.343827,156.609,-58.3837
2020-05-22 16:30:00,3.74346,1.15528,0.341475,158.236,-72.4677
2020-05-22 17:00:00,3.90791,1.16305,0.323663,154.216,-77.7709
2020-05-22 17:30:00,3.23647,1.41035,0.307974,143.974,-75.4647
2020-05-22 18:00:00,3.33966,0.949109,0.298301,152.144,-151.381
2020-05-22 18:30:00,3.24981,0.508265,0.261613,157.393,-275.368
2020-05-22 19:00:00,3.19511,0.592609,0.242646,152.797,2566.91
2020-05-22 19:30:00,3.06603,0.429834,0.235483,155.862,105.597
2020-05-22 20:00:00,2.73306,0.299299,0.220517,152.606,56.4942
2020-05-22 20:30:00,2.4852,0.154731,0.170666,161.162,30.3638
2020-05-22 21:00:00,2.15044,0.139514,0.137643,155.428,12.4424
2020-05-22 21:30:00,1.85909,0.131109,0.140365,158.984,16.2513
2020-05-22 22:00:00,2.24187,0.128693,0.187947,151.662,46.6409
2020-05-22 22:30:00,2.92713,0.170161,0.199891,155.799,34.6302
2020-05-22 23:00:00,2.89819,0.278584,0.228959,169.571,46.4405
2020-05-22 23:30:00,3.12794,0.247375,0.234606,168.37,39.3418
2020-05-23,2.87392,0.176531,0.197736,162.218,46.7906
2020-05-23 00:30:00,2.86902,0.154827,0.17644,160.658,38.6609
2020-05-23 01:00:00,2.68638,0.175098,0.1801,159.75,35.7136
2020-05-23 01:30:00,2.48933,0.162777,0.135898,157.864,36.6225
2020-05-23 02:00:00,2.40804,0.122067,0.141293,156.856,30.8535
2020-05-23 02:30:00,2.26451,0.0741,0.128292,153.633,28.2986
2020-05-23 03:00:00,2.46691,0.0839,0.142257,155.602,23.2449
2020-05-23 03:30:00,2.43365,0.123686,0.152687,160.107,86.8346
2020-05-23 04:00:00,2.87252,0.238327,0.212194,157.463,327.249
2020-05-23 04:30:00,3.50205,0.327411,0.261643,154.526,5119.34
2020-05-23 05:00:00,3.8822,0.462786,0.284071,153.377,-167.873
2020-05-23 05:30:00,3.99002,0.623996,0.280628,149.731,-97.6517
2020-05-23 06:00:00,4.1503,0.694241,0.30815,147.774,-132.602
2020-05-23 06:30:00,3.66424,0.748395,0.272899,145.052,-47.7769
2020-05-23 07:00:00,4.15536,1.0361,0.320053,147.211,-69.1102
2020-05-23 07:30:00,3.97234,1.06469,0.356481,145.693,-80.7182
2020-05-23 08:00:00,5.1118,1.78492,0.467515,143.547,-120.464
2020-05-23 08:30:00,5.32256,2.87252,0.436445,154.338,-101.7
2020-05-23 09:00:00,4.51021,1.86153,0.390242,160.819,-215.075
2020-05-23 09:30:00,4.8794,1.79943,0.428888,158.836,-143.622
2020-05-23 10:00:00,4.25668,2.65436,0.392489,165.156,-77.6854
2020-05-23 10:30:00,4.92891,1.91125,0.418682,150.115,-81.2983
2020-05-23 11:00:00,4.97703,2.91573,0.426153,154.636,-81.5466
2020-05-23 11:30:00,4.50547,3.64531,0.345187,176.153,-35.2072
2020-05-23 12:00:00,4.69226,3.22691,0.481385,167.259,-124.877
2020-05-23 12:30:00,4.52209,3.33479,0.439554,173.663,-67.9975
2020-05-23 13:00:00,4.26765,2.21054,0.426928,166.163,-55.3315
2020-05-23 13:30:00,5.18367,2.7027,0.442795,167.159,-109.993
2020-05-23 14:00:00,5.33666,3.61433,0.457837,175.756,-141.336
2020-05-23 14:30:00,4.91546,2.82929,0.496901,172.094,-183.931
2020-05-23 15:00:00,4.96202,2.03841,0.431543,171.027,-145.771
2020-05-23 15:30:00,4.52467,1.66624,0.411701,164.839,-116.856
2020-05-23 16:00:00,3.64219,1.38738,0.36092,157.517,-116.006
2020-05-23 16:30:00,3.5034,0.983961,0.356171,166.93,-143.933
2020-05-23 17:00:00,3.17428,0.98806,0.349834,171.752,-233.804
2020-05-23 17:30:00,3.49819,1.05853,0.328839,160.388,-168.944
2020-05-23 18:00:00,3.58279,0.72382,0.33018,156.733,-340.964
2020-05-23 18:30:00,2.29714,0.420222,0.225308,169.999,-224.051
2020-05-23 19:00:00,2.33257,0.358327,0.194062,162.765,-225.141
2020-05-23 19:30:00,2.56627,0.268922,0.211183,158.742,-598.074
2020-05-23 20:00:00,2.62121,0.293671,0.176408,159.516,-692.685
2020-05-23 20:30:00,2.56391,0.543974,0.184903,162.701,229.837
2020-05-23 21:00:00,2.87164,0.57779,0.293203,168.58,556.383
2020-05-23 21:30:00,2.74048,0.574252,0.21469,171.227,-530.798
2020-05-23 22:00:00,2.38256,0.44695,0.233612,181.414,1828.92
2020-05-23 22:30:00,2.1049,0.416406,0.253609,191.778,-482.605
2020-05-23 23:00:00,3.54297,1.1193,0.319287,173.087,-1440.87
2020-05-23 23:30:00,3.5715,0.952937,0.301604,169.015,-440.127
2020-05-24,3.59278,0.942888,0.31428,159.443,-545.815
2020-05-24 00:30:00,2.90144,0.415286,0.231308,164.368,-108.477
2020-05-24 01:00:00,3.21308,0.723246,0.33883,156.534,-251.182
2020-05-24 01:30:00,2.97254,0.478161,0.255526,149.559,-188.799
2020-05-24 02:00:00,2.91014,0.456633,0.254536,151.29,-204.163
2020-05-24 02:30:00,2.74014,0.558771,0.268294,147.027,-308.549
2020-05-24 03:00:00,2.47065,0.43215,0.216186,146.912,-112.514
2020-05-24 03:30:00,3.23348,0.829497,0.304757,166.336,-435.654
2020-05-24 04:00:00,2.50577,0.546492,0.23162,147.574,-350.451
2020-05-24 04:30:00,2.33977,0.34028,0.182979,149.217,-92.2429
2020-05-24 05:00:00,1.79665,0.537698,0.172792,143.149,-114.859
2020-05-24 05:30:00,2.04075,0.616522,0.228421,125.884,-157.245
2020-05-24 06:00:00,2.22787,0.611391,0.218063,116.031,-113.456
2020-05-24 06:30:00,1.99748,0.71729,0.246582,99.3959,-88.3436
2020-05-24 07:00:00,1.53876,0.704067,0.109689,90.2883,-9.22732
2020-05-24 07:30:00,1.52727,0.561495,0.193774,98.8125,-43.1726
2020-05-24 08:00:00,1.7187,0.742041,0.162289,87.5383,-13.7602
2020-05-24 08:30:00,2.21528,1.25142,0.324486,88.907,-111.594
2020-05-24 09:00:00,2.73023,1.15646,0.333618,108.186,-86.3682
2020-05-24 09:30:00,2.92333,1.38199,0.35916,107.465,-145.478
2020-05-24 10:00:00,3.30024,1.1075,0.345469,114.51,-100.503
2020-05-24 10:30:00,2.72095,0.953068,0.273733,112.863,-57.7117
2020-05-24 11:00:00,2.79287,0.755842,0.31286,125.893,-117.257
2020-05-24 11:30:00,3.33565,1.16791,0.361293,132.117,-177.467
2020-05-24 12:00:00,3.11529,1.17183,0.358518,133.682,-147.794
2020-05-24 12:30:00,3.07595,1.16374,0.349333,138.492,-149.783
2020-05-24 13:00:00,3.18127,0.966153,0.297437,140.248,-84.3951
2020-05-24 13:30:00,3.81916,1.07065,0.324747,156.176,-111.966
2020-05-24 14:00:00,3.47656,0.601033,0.253568,153.913,-60.1289
2020-05-24 14:30:00,3.22814,0.679289,0.284303,157.562,-94.897
2020-05-24 15:00:00,3.2552,0.761307,0.275714,160.429,-84.8831
2020-05-24 15:30:00,3.17667,0.925773,0.280284,172.326,-57.655
2020-05-24 16:00:00,2.12148,0.567089,0.220864,177.893,-40.2472
2020-05-24 16:30:00,2.13225,0.306335,0.168012,161.453,-18.4235
2020-05-24 17:00:00,2.3215,0.344856,0.190547,163.248,-13.2676
2020-05-24 17:30:00,1.99292,0.626726,0.201639,178.378,-19.8206
2020-05-24 18:00:00,1.81509,0.767507,0.234854,180.988,-40.0918
2020-05-24 18:30:00,1.44594,0.284024,0.145645,186.025,-37.6043
2020-05-24 19:00:00,0.938959,0.350825,0.100922,177.235,-6.85707
2020-05-24 19:30:00,1.0153,0.183736,0.138815,205.228,-27.9967
2020-05-24 20:00:00,0.96677,0.252114,0.0752,220.419,-179.938
2020-05-24 20:30:00,1.22208,0.0992,0.082,177.169,10.9959
2020-05-24 21:00:00,0.688024,0.0379,0.0494,145.214,1.51547
2020-05-24 21:30:00,0.501166,0.258064,0.134826,175.041,-17.3756
2020-05-24 22:00:00,0.530645,0.0177,0.0326,168.241,2.16956
2020-05-24 22:30:00,0.608182,0.0223,0.0117,158.903,0.0706
2020-05-24 23:00:00,0.4337,0.0392,0.0445,191.298,-5.21879
2020-05-24 23:30:00,0.458817,0.0942,0.0632,171.91,-33.6466
2020-05-25,0.692196,0.0371,0.0432,177.888,4.27451
2020-05-25 00:30:00,0.627665,0.0698,0.0649,176.777,27.4219
2020-05-25 01:00:00,0.577168,0.0648,0.057,173.396,-947.815
2020-05-25 01:30:00,0.50926,0.0366,0.0386,167.235,-49.8749
2020-05-25 02:00:00,0.481786,0.15986,0.0829,175.76,10948
2020-05-25 02:30:00,0.720801,0.324417,0.102762,197.566,-14.1829
2020-05-25 03:00:00,0.51008,0.0993,0.0872,152.656,-25.0752
2020-05-25 03:30:00,0.278227,0.134274,0.141132,341.617,27.943
2020-05-25 04:00:00,0.444707,0.0185,0.0808,18.0988,-12.4213
2020-05-25 04:30:00,0.683263,0.0709,0.0829,358.689,-94.2011
2020-05-25 05:00:00,0.570454,0.0652,0.0884,358.55,27.0169
2020-05-25 05:30:00,1.3379,0.215,0.134423,338.942,-92.2904
2020-05-25 06:00:00,1.62192,0.447687,0.144913,338.891,-22.9251
2020-05-25 06:30:00,1.55956,0.662104,0.139216,347.194,-10.2783
2020-05-25 07:00:00,1.81286,0.648474,0.204867,328.88,-22.1065
2020-05-25 07:30:00,1.9424,1.08385,0.208753,335.123,-23.9053
2020-05-25 08:00:00,1.96431,1.08245,0.220133,328.545,-20.132
2020-05-25 08:30:00,1.55022,0.702936,0.20834,353.633,-15.4926
2020-05-25 09:00:00,1.34243,1.53428,0.260042,9.11171,-16.3747
2020-05-25 09:30:00,1.45894,1.54279,0.244681,318.951,-24.981
2020-05-25 10:00:00,1.91524,1.43477,0.292175,328.371,-35.9162
2020-05-25 10:30:00,1.49609,2.09251,0.307389,328.906,-35.7684
2020-05-25 11:00:00,1.60167,1.18688,0.306163,292.934,-31.0683
2020-05-25 11:30:00,1.92323,1.77894,0.32838,326.278,-48.162
2020-05-25 12:00:00,1.71052,0.922065,0.223402,317.718,-19.4
2020-05-25 12:30:00,1.54528,1.30631,0.308294,305.142,-46.8291
2020-05-25 13:00:00,1.67365,1.17081,0.19978,323.132,-18.4435
2020-05-25 13:30:00,1.88592,1.46839,0.336093,312.572,-39.2134
2020-05-25 14:00:00,2.06157,2.06112,0.240929,346.827,-25.0324
2020-05-25 14:30:00,2.15535,2.58435,0.310715,292.079,-29.9182
2020-05-25 15:00:00,2.18658,1.50835,0.299004,345.498,-39.0219
2020-05-25 15:30:00,2.2557,1.00944,0.251949,305.469,-20.8177
2020-05-25 16:00:00,1.95487,0.98715,0.249982,307.171,-22.2809
2020-05-25 16:30:00,1.93361,1.32241,0.245504,313.052,-36.3851
2020-05-25 17:00:00,1.53846,0.533705,0.174013,316.778,-3552.12
2020-05-25 17:30:00,0.96719,0.739676,0.143703,327.46,-9.44636
2020-05-25 18:00:00,1.77707,0.71187,0.220039,310.268,-53.9977
2020-05-25 18:30:00,1.65358,0.39297,0.20241,308.736,-71.6544
2020-05-25 19:00:00,1.85479,0.46118,0.199296,297.588,-668.344
2020-05-25 19:30:00,1.46979,0.253192,0.19266,301.637,66.3575
2020-05-25 20:00:00,0.968737,0.0772,0.126721,307.565,11.1786
2020-05-25 20:30:00,0.558873,0.055,0.118945,309.842,7.47614
2020-05-25 21:00:00,0.626756,0.0789,0.0952,275.584,4.71678
2020-05-25 21:30:00,0.429579,0.0769,0.139465,291.413,5.40286
2020-05-25 22:00:00,0.249965,0.066,0.0789,11.9264,1.98896
2020-05-25 22:30:00,0.263076,0.0413,0.0783,108.434,-4.3254
2020-05-25 23:00:00,0.678105,0.0488,0.0258,140.979,-5.58466
2020-05-25 23:30:00,0.513954,0.0964,0.0691,154.992,2.16833
2020-05-26,0.220855,0.0727,0.0917,120.887,-4.85994
2020-05-26 00:30:00,0.745681,0.069,0.107508,271.649,4.42295
2020-05-26 01:00:00,0.868612,0.14809,0.146916,313.338,11.6611
2020-05-26 01:30:00,0.738368,0.231041,0.128019,343.075,10.6209
2020-05-26 02:00:00,0.0674,0.103946,0.244693,342.016,5.78061
2020-05-26 02:30:00,0.660072,0.0562,0.116237,292.474,4.15885
2020-05-26 03:00:00,0.135663,0.0649,0.149729,30.8131,5.47503
2020-05-26 03:30:00,0.727448,0.170871,0.177964,318.644,30.1163
2020-05-26 04:00:00,1.05563,0.17195,0.140994,336.094,15.0277
2020-05-26 04:30:00,1.00406,0.126535,0.111301,350.382,61.4275
2020-05-26 05:00:00,1.01528,0.0777,0.0839,3.10215,-28.1881
2020-05-26 05:30:00,0.97599,0.183907,0.130048,349.696,-10.478
2020-05-26 06:00:00,0.664568,0.165111,0.144952,20.8001,-10.3481
2020-05-26 06:30:00,1.02931,0.133511,0.10128,33.3303,-3.46629
2020-05-26 07:00:00,0.165361,0.376952,0.158051,49.9587,-16.5161
2020-05-26 07:30:00,1.03684,0.506864,0.183356,250.061,-10.2666
2020-05-26 08:00:00,1.48037,0.992094,0.209024,211.834,-20.0728
2020-05-26 08:30:00,2.67967,1.28464,0.268726,209.869,-30.7981
2020-05-26 09:00:00,2.16067,1.36682,0.276128,219.861,-26.7006
2020-05-26 09:30:00,2.37809,1.9637,0.233711,209.855,-24.5755
2020-05-26 10:00:00,2.45723,1.76481,0.335858,204.567,-40.4121
2020-05-26 10:30:00,2.96688,2.27569,0.364136,195.833,-108.955
2020-05-26 11:00:00,3.15285,3.61734,0.308611,196.747,-36.1419
2020-05-26 11:30:00,3.17061,1.93727,0.370179,195.014,-66.0718
2020-05-26 12:00:00,2.68364,1.25375,0.297546,199.31,-80.5198
2020-05-26 12:30:00,3.40129,2.47417,0.388148,188.916,-79.1143
2020-05-26 13:00:00,3.22031,2.16087,0.394143,188.393,-77.1613
2020-05-26 13:30:00,3.18986,2.10726,0.323344,182.55,-186.224
2020-05-26 14:00:00,3.64399,2.88127,0.350511,177.435,-73.3655
2020-05-26 14:30:00,3.49282,1.65043,0.34311,181.145,-114.764
2020-05-26 15:00:00,3.66175,1.55748,0.34254,163.217,-86.1438
2020-05-26 15:30:00,4.70642,1.47142,0.392385,167.995,-101.071
2020-05-26 16:00:00,4.24158,1.85333,0.388204,167.116,-323.996
2020-05-26 16:30:00,4.91427,1.98184,0.406411,162.63,-475.009
2020-05-26 17:00:00,4.6145,1.53874,0.351085,166.038,-399.076
2020-05-26 17:30:00,4.48914,1.58523,0.440069,171.679,793.46
2020-05-26 18:00:00,4.50364,1.35627,0.362065,169.52,265.731
2020-05-26 18:30:00,3.85005,0.856756,0.326224,167.722,162.372
2020-05-26 19:00:00,3.91849,0.901366,0.315691,171.363,80.6398
2020-05-26 19:30:00,3.3975,0.768156,0.283622,172.723,97.8872
2020-05-26 20:00:00,4.06156,0.919829,0.305993,167.821,108.79
2020-05-26 20:30:00,3.74613,0.609063,0.297519,166.404,78.0547
2020-05-26 21:00:00,3.58277,0.409298,0.246139,163.352,46.3241
2020-05-26 21:30:00,3.3643,0.290293,0.261361,160.482,52.4138
2020-05-26 22:00:00,3.08826,0.284624,0.23925,164.893,55.9026
2020-05-27 01:00:00,2.98445,654.444,15.3891,190.906,-5698.11
2020-05-27 01:30:00,0.0693,0.0802,0.17981,23.6707,-710.121
2020-05-27 03:00:00,0.789324,0.1245,0.081,285.584,8.22962
2020-05-27 03:30:00,1.74996,0.375367,0.245857,289.093,85.891
2020-05-27 04:00:00,2.71784,1.00422,0.366739,307.654,634.539
2020-05-27 04:30:00,3.15585,0.88782,0.321995,320.972,204.439
2020-05-27 05:00:00,2.65186,0.8568,0.303876,313.231,4199.67
2020-05-27 05:30:00,2.54413,0.650466,0.298943,314.623,2272.42
2020-05-27 06:00:00,1.99337,0.417386,0.251509,315.388,-269.025
2020-05-27 06:30:00,2.12551,0.460832,0.258261,316.027,-191.83
2020-05-27 07:00:00,2.73529,0.87969,0.2827,325.389,-64.9352
2020-05-27 07:30:00,2.93007,1.15195,0.297963,329.04,-48.3654
2020-05-27 08:00:00,3.40488,1.66593,0.34701,322.053,-51.4501
2020-05-27 08:30:00,3.27399,1.52411,0.431899,319.089,-97.0361
2020-05-27 09:00:00,2.99893,1.97057,0.33091,321.373,-53.7331
2020-05-27 09:30:00,3.01638,2.15684,0.41035,313.435,-62.3115
2020-05-27 10:00:00,2.77651,1.26419,0.346101,313.248,-54.9496
2020-05-27 10:30:00,3.30633,1.88909,0.382307,322.496,-71.0529
2020-05-27 11:00:00,2.78151,2.35359,0.363886,302.914,-58.2045
2020-05-27 11:30:00,2.84662,2.03105,0.365915,307.584,-54.0205
2020-05-27 12:00:00,2.99584,2.01024,0.344644,292.175,-36.5101
2020-05-27 12:30:00,2.89812,1.89043,0.350645,297.525,-36.9499
2020-05-27 13:00:00,3.02103,2.5322,0.389628,290.599,-49.5692
2020-05-27 13:30:00,3.29852,2.18097,0.391754,293.741,-66.0169
2020-05-27 14:00:00,3.21004,1.65647,0.39555,293.731,-83.6287
2020-05-27 14:30:00,3.21587,1.80096,0.424563,295.799,-71.906
2020-05-27 15:00:00,3.14848,2.53787,0.407779,306.683,-82.1265
2020-05-27 15:30:00,2.88264,1.24456,0.29913,320.059,-90.8188
2020-05-27 16:00:00,3.56276,2.69039,0.427976,283.754,-135.155
2020-05-27 16:30:00,3.25286,2.0987,0.423364,301.528,-191.559
2020-05-27 17:00:00,3.11569,1.25294,0.358073,313.101,-158.068
2020-05-27 17:30:00,3.16682,1.63702,0.406101,298.339,-568.783
2020-05-27 18:00:00,2.72858,1.20941,0.365897,309.929,-292.934
2020-05-27 18:30:00,2.51468,1.0463,0.352671,305.119,-584.3
2020-05-27 19:00:00,3.62288,1.73309,0.402635,286.209,-1250.4
2020-05-27 19:30:00,2.71273,1.06247,0.355182,294.875,467.855
2020-05-27 20:00:00,2.42377,0.694739,0.285244,300.412,96.4515
2020-05-27 20:30:00,2.72842,0.807299,0.322653,290.331,70.7995
2020-05-27 21:00:00,2.42255,0.762366,0.292085,289.983,67.5631
2020-05-27 21:30:00,2.0813,0.445532,0.254283,291.971,58.9439
2020-05-27 22:00:00,1.90687,0.363431,0.221845,293.325,27.7777
2020-05-27 22:30:00,2.04904,0.45686,0.218518,291.322,38.8607
2020-05-27 23:00:00,2.3005,0.541375,0.226838,286.173,44.053
2020-05-27 23:30:00,2.34098,0.546675,0.298697,287.718,91.9488
2020-05-28,2.28167,0.513993,0.304806,288.803,86.2176
2020-05-28 00:30:00,1.92304,0.440688,0.239625,294.422,53.4728
2020-05-28 01:00:00,1.66676,0.335583,0.211329,292.111,47.9329
2020-05-28 01:30:00,1.75962,0.295982,0.245317,293.368,56.1909
2020-05-28 02:00:00,2.09125,0.480216,0.257974,291.754,79.6174
2020-05-28 02:30:00,2.1833,0.448133,0.276742,297.907,98.102
2020-05-28 03:00:00,1.97154,0.34107,0.199553,301.348,91.717
2020-05-28 03:30:00,1.72992,0.264689,0.187497,290.994,-1977.27
2020-05-28 04:00:00,1.73329,0.254682,0.203624,285.575,2169.36
2020-05-28 04:30:00,1.40721,0.264449,0.177333,286.244,55553.7
2020-05-28 05:00:00,1.73626,0.357103,0.261223,283.577,-943.915
2020-05-28 05:30:00,1.61401,807.804,2.88861,295.46,193.894
2020-05-28 06:00:00,2.40031,0.99894,0.328249,297.064,-67.0822
2020-05-28 06:30:00,2.71815,1.54194,0.321473,303.507,-54.0486
2020-05-28 07:00:00,2.69119,1.25093,0.367384,301.63,-60.5474
2020-05-28 07:30:00,2.63242,1.69263,0.323878,296.77,-37.7404
2020-05-28 08:00:00,2.92789,2.49157,0.347612,292.446,-50.5357
2020-05-28 08:30:00,2.80836,2.67326,0.340025,298.83,-38.8043
2020-05-28 09:00:00,2.51327,1.72297,0.384615,288.43,-42.6479
2020-05-28 09:30:00,2.56628,1.27649,0.270101,278.637,-25.5455
2020-05-28 10:00:00,2.7994,2.03707,0.368723,296.381,-38.4836
2020-05-28 10:30:00,2.61668,1.55648,0.374316,304.118,-124.347
2020-05-28 11:00:00,3.02178,1.82844,0.3835,301.944,-82.103
2020-05-28 11:30:00,2.78214,2.20439,0.416923,303.677,-1372.39
2020-05-28 12:00:00,3.54499,2.21798,0.483486,289.263,-168.132
2020-05-28 12:30:00,2.91062,1.59992,0.344204,294.838,-84.4263
2020-05-28 13:00:00,3.64601,2.05312,0.500392,296.316,-119.514
2020-05-28 13:30:00,3.81903,2.83956,0.390179,289.731,-61.3506
2020-05-28 14:00:00,3.6296,3.17888,0.453206,294.393,-91.3151
2020-05-28 14:30:00,3.40912,2.57481,0.396145,296.829,-78.1358
2020-05-28 15:00:00,3.60985,2.48652,0.455482,293.851,-141.965
2020-05-28 15:30:00,3.97817,3.39016,0.442601,296.509,-59.9576
2020-05-28 16:00:00,3.25454,1.90283,0.36825,295.815,-90.8458
2020-05-28 16:30:00,3.19142,1.81123,0.387661,296.502,-108.066
2020-05-28 17:00:00,2.96152,1.9792,0.389412,314.969,-203.968
2020-05-28 17:30:00,2.75796,1.3234,0.328597,308.487,-186.248
2020-05-28 18:00:00,2.3534,0.922779,0.311356,296.878,738.868
2020-05-28 18:30:00,3.17425,1.98001,0.38514,287.339,-246.715
2020-05-28 19:00:00,3.11017,1.15214,0.365908,283.824,-411.385
2020-05-28 19:30:00,3.63232,1.34792,0.418351,280.329,-348.718
2020-05-28 20:00:00,2.89902,1.37581,0.380284,285.64,611.369
2020-05-28 20:30:00,3.22329,1.15352,0.431983,289.624,537.764
2020-05-28 21:00:00,2.61942,0.902331,0.347926,291.555,285.731
2020-05-28 21:30:00,3.12174,1.32512,0.294941,287.941,142.941
2020-05-28 22:00:00,2.30316,735.793,5.28688,294.587,356.055
2020-05-28 22:30:00,1.83668,0.411345,0.247151,292.397,71.4799
2020-05-28 23:00:00,1.91508,0.376311,0.228782,285.589,57.7058
2020-05-28 23:30:00,1.99882,0.532826,0.28033,287.792,75.5312
2020-05-29,2.37921,0.64508,0.261495,282.752,56.9113
2020-05-29 00:30:00,2.50441,0.718075,0.330012,281.868,104.423
2020-05-29 01:00:00,1.82079,0.322099,0.194583,276.662,35.7634
2020-05-29 01:30:00,2.07546,0.410691,0.237177,276.481,46.9546
2020-05-29 02:00:00,2.08704,0.50371,0.322194,279.463,128.829
2020-05-29 02:30:00,1.88887,0.359081,0.245732,278.623,59.3945
2020-05-29 03:00:00,1.90725,0.553953,0.247598,285.734,-6.39435
2020-05-29 03:30:00,2.5369,0.605995,0.313484,271.66,552.962
2020-05-29 04:00:00,2.92631,1.00802,0.297106,277.021,258.187
2020-05-29 04:30:00,2.69013,0.796828,0.304244,279.882,2230000
2020-05-29 05:00:00,2.78622,1.15481,0.340668,286.976,-1072.66
2020-05-29 05:30:00,3.17682,1.22868,0.367778,279.143,-449.795
2020-05-29 06:00:00,3.2004,1.28782,0.419414,297.783,-454.033
2020-05-29 06:30:00,3.36288,1.3883,0.426542,297.308,-211.383
2020-05-29 07:00:00,3.54634,1.66067,0.388099,300.354,-161.707
2020-05-29 07:30:00,3.38681,2.53924,0.456425,298.794,-178.638
2020-05-29 08:00:00,3.0045,1.54739,0.414086,295.791,-117.503
2020-05-29 08:30:00,3.00868,1.68613,0.328206,298.888,-42.5111
2020-05-29 09:00:00,2.97101,1.73346,0.407401,296.674,-73.3827
2020-05-29 09:30:00,3.41527,2.24511,0.383229,283.422,-58.0564
2020-05-29 10:00:00,3.00105,1.74565,0.36034,272.491,-46.6259
2020-05-29 10:30:00,3.09417,1.99991,0.349885,297.282,-58.2032
2020-05-29 11:00:00,2.94134,1.38891,0.354334,305.948,-12.6854
2020-05-29 11:30:00,3.23083,2.14514,0.344753,308.861,-36.4801
2020-05-29 12:00:00,3.8688,2.4092,0.36538,318.244,-52.596
2020-05-29 12:30:00,3.02714,1.56978,0.376641,305.704,-94.3325
2020-05-29 13:00:00,3.2669,3.0801,0.409859,309.359,-93.0147
2020-05-29 13:30:00,3.18516,2.11964,0.357536,307.125,-64.1246
2020-05-29 14:00:00,3.47278,2.17763,0.455207,304.279,-77.1085
2020-05-29 14:30:00,3.16116,2.60968,0.404228,310.848,-85.1689
2020-05-29 15:00:00,3.53707,2.5454,0.455231,310.461,-172.037
2020-05-29 15:30:00,3.55478,1.562,0.440801,320.202,-115.447
2020-05-29 16:00:00,3.44927,2.35684,0.410768,320.767,-143.808
2020-05-29 16:30:00,3.67628,2.32093,0.453555,317.379,-149.445
2020-05-29 17:00:00,3.7148,1.59919,0.44939,322.211,-348.161
2020-05-29 17:30:00,3.54847,1.78268,0.468656,308.928,-403.708
2020-05-29 18:00:00,2.99418,1.53639,0.412848,309.09,-365.322
2020-05-29 18:30:00,3.05238,1.24912,0.353125,309.715,299.751
2020-05-29 19:00:00,2.56647,0.715247,0.283894,315.075,-5987.98
2020-05-29 19:30:00,2.84574,1.04747,0.335169,318.103,153.819
2020-05-29 20:00:00,2.96285,0.827458,0.379144,320.009,333.192
2020-05-29 20:30:00,2.9322,0.800773,0.322133,318.491,108.152
2020-05-29 21:00:00,2.2235,0.470769,0.263308,306.743,64.9187
2020-05-29 21:30:00,2.05019,0.353108,0.206789,315.124,32.3234
2020-05-29 22:00:00,1.73473,0.296676,0.236791,316.178,46.4544
2020-05-29 22:30:00,2.00892,0.358652,0.224447,313.486,33.5698
2020-05-29 23:00:00,1.91269,0.434194,0.238872,311.347,46.0387
2020-05-29 23:30:00,1.88501,0.255646,0.178556,320.24,15.6636
2020-05-30,1.41935,0.207821,0.203655,318.895,27.6061
2020-05-30 00:30:00,1.08227,0.0977,0.149972,319.065,20.5169
2020-05-30 01:00:00,0.888989,0.236315,0.130742,343.517,8.94357
2020-05-30 01:30:00,1.30274,0.268368,0.154561,337.619,15.133
2020-05-30 02:00:00,1.45696,0.347817,0.129063,343.163,9.71294
2020-05-30 02:30:00,1.38846,0.340564,0.128491,344.36,10.7419
2020-05-30 03:00:00,1.22008,0.221637,0.131199,339.962,11.1185
2020-05-30 03:30:00,1.58725,0.216212,0.158809,332.471,35.8325
2020-05-30 04:00:00,2.18183,0.53415,0.204421,334.1,148.228
2020-05-30 04:30:00,1.95439,0.600062,0.214315,337.328,-188.35
2020-05-30 05:00:00,2.27363,0.624958,0.192557,335.951,-84.2268
2020-05-30 05:30:00,2.10901,0.567196,0.19077,345.154,-31.5682
2020-05-30 06:00:00,2.22496,0.866523,0.18455,350.217,-18.3641
2020-05-30 06:30:00,2.3935,0.769148,0.209391,356.265,-19.465
2020-05-30 07:00:00,2.94107,0.648814,0.23631,4.51301,-22.5532
2020-05-30 07:30:00,2.23428,0.671988,0.244784,6.32656,-18.2604
2020-05-30 08:00:00,1.95932,1.39209,0.220042,359.219,-15.1731
2020-05-30 08:30:00,1.68763,1.35674,0.265483,17.7845,-20.4399
2020-05-30 09:00:00,1.81624,1.50521,0.259338,343.764,-19.8242
2020-05-30 09:30:00,1.69301,2.68131,0.253273,5.36643,-12.7351
2020-05-30 10:00:00,1.99191,0.743096,0.249019,27.5426,-11.8677
2020-05-30 10:30:00,1.71715,1.40072,0.356011,7.67306,-34.844
2020-05-30 11:00:00,1.75883,1.92813,0.274135,0.165599,-20.4982
2020-05-30 11:30:00,1.31067,1.08887,0.260435,6.09602,-13.3709
2020-05-30 12:00:00,1.1226,1.06304,0.251561,344.345,-16.7986
2020-05-30 12:30:00,0.641666,2.59854,0.52772,326.499,-178.587
2020-05-30 13:00:00,1.28279,1.70686,0.167981,24.9927,-4.9267
2020-05-30 13:30:00,1.10427,1.64347,0.367999,16.5763,-58.9027
2020-05-30 14:00:00,1.36005,2.33048,0.224471,334.82,-12.0161
2020-05-30 14:30:00,0.809692,1.62346,0.344111,320.864,-71.6533
2020-05-30 15:00:00,1.82388,1.51169,0.269786,273.001,-19.0164
2020-05-30 15:30:00,0.944443,1.93975,0.282137,341.21,-32.2772
2020-05-30 16:00:00,1.66018,1.61425,0.213752,329.721,-15.4122
2020-05-30 16:30:00,1.0359,1.25039,0.182498,3.70748,-14.4467
2020-05-30 17:00:00,1.62768,0.742787,0.197187,347.67,-19.7668
2020-05-30 17:30:00,1.4384,0.768854,0.0883,355.957,-3.71871
2020-05-30 18:00:00,1.80294,1.12604,0.223228,10.9271,-62.663
2020-05-30 18:30:00,1.72373,0.680917,0.118612,2.88936,-22.4502
2020-05-30 19:00:00,1.57382,0.742079,0.363501,127.136,-81.2634
2020-05-30 19:30:00,3.30745,0.472891,0.252357,158.138,270.913
2020-05-30 20:00:00,3.08353,0.351438,0.224778,150.237,129.016
2020-05-30 20:30:00,2.48257,0.220965,0.182799,150.046,24.9565
2020-05-30 21:00:00,1.61333,21.0534,5.77405,156.444,394.93
2020-05-30 21:30:00,1.5652,0.118633,0.109707,157.684,5.5877
2020-05-30 22:00:00,0.910288,0.0636,0.0719,142.226,5.53921
2020-05-30 22:30:00,0.7717,0.0935,0.0603,146.739,3.93017
2020-05-30 23:00:00,0.883324,0.0546,0.0365,148.663,1.11346
2020-05-30 23:30:00,1.0052,0.104743,0.0424,160.758,-1.27513
2020-05-31,0.975558,0.0429,0.033,162.348,-2.0272
2020-05-31 00:30:00,0.97024,0.157236,0.056,176.548,2.36094
2020-05-31 01:00:00,0.984637,0.0732,0.0703,188.832,5.87906
2020-05-31 01:30:00,0.930552,0.0624,0.0777,187.949,3.10629
2020-05-31 02:00:00,0.824826,0.0776,0.0702,179.772,4.02308
2020-05-31 02:30:00,0.712101,0.0535,0.0513,181.524,-920.375
2020-05-31 03:00:00,0.926997,0.14074,0.0664,204.045,2.16721
2020-05-31 03:30:00,1.55915,0.119864,0.155248,215.736,17.5255
2020-05-31 04:00:00,1.06819,0.144753,0.131527,225.919,39.2663
2020-05-31 04:30:00,1.13989,0.13129,0.139884,271.38,-38.3167
2020-05-31 05:00:00,1.38809,0.21469,0.159184,268.708,-18.1828
2020-05-31 05:30:00,1.26536,0.400128,0.196091,297.567,-25.6978
2020-05-31 06:00:00,1.19211,0.22222,0.15971,326.801,-12.371
2020-05-31 06:30:00,1.76974,0.715633,0.204831,337.134,-22.6992
2020-05-31 07:00:00,1.72208,0.573674,0.187689,347.808,-14.2291
2020-05-31 07:30:00,1.3289,0.936538,0.214155,335.776,-24.4717
2020-05-31 08:00:00,1.24611,1.43077,0.23877,338.639,-26.0013
2020-05-31 08:30:00,2.24361,0.514823,0.178911,0.991582,-10.4142
2020-05-31 09:00:00,2.02666,1.12561,0.300779,359.89,-46.6033
2020-05-31 09:30:00,1.48045,1.77177,0.254052,332.302,-19.8313
2020-05-31 10:00:00,1.54206,1.66482,0.249685,357.521,-17.7291
2020-05-31 10:30:00,1.7297,1.77164,0.305361,337.549,-30.2273
2020-05-31 11:00:00,2.14645,0.743378,0.237253,355.51,-18.5389
2020-05-31 11:30:00,1.52799,1.06113,0.231904,347.686,-13.1669
2020-05-31 12:00:00,1.3579,1.65951,0.249242,345.594,-14.4752
2020-05-31 12:30:00,1.5886,2.92102,0.300373,326.025,-27.1467
2020-05-31 13:00:00,1.03163,1.45994,0.309618,292.449,-29.9961
2020-05-31 13:30:00,1.05794,1.00146,0.264564,338.739,-16.1964
2020-05-31 14:00:00,1.55975,0.943993,0.21199,332.779,-11.634
2020-05-31 14:30:00,1.5112,1.13508,0.271339,349.7,-24.8873
2020-05-31 15:00:00,1.072,1.23955,0.213197,336.316,-13.6942
2020-05-31 15:30:00,1.71502,2.07374,0.250858,350.532,-24.4518
2020-05-31 16:00:00,2.11066,0.837135,0.273434,10.7628,-37.4164
2020-05-31 16:30:00,1.48938,1.00158,0.133417,350.139,-7.03695
2020-05-31 17:00:00,1.62357,0.832605,0.222936,2.64604,-38.1529
2020-05-31 17:30:00,1.36692,0.904236,0.205267,338.249,-55.6896
2020-05-31 18:00:00,1.17192,1.16109,0.23364,330.5,-196.94
2020-05-31 18:30:00,0.514592,2.91887,0.203272,47.487,-42.2797
2020-05-31 19:00:00,2.52003,17.4437,6.87785,169.478,483.692
2020-05-31 19:30:00,2.51065,0.269059,0.181344,167.393,40.6099
2020-05-31 20:00:00,2.50024,0.287782,0.193224,165.374,25.052
2020-05-31 20:30:00,1.89924,0.117307,0.11108,170.213,7.15772
2020-05-31 21:00:00,1.42136,0.10504,0.12761,182.464,11.7418
2020-05-31 21:30:00,1.6834,0.0887,0.0811,185.078,3.74231
2020-05-31 22:00:00,1.53097,173.615,36.8632,179.22,-2210.76
2020-05-31 22:30:00,0.881986,0.106676,0.0515,146.288,13.4423
2020-05-31 23:00:00,0.414855,0.0543,0.0308,130.698,-3.87409
2020-05-31 23:30:00,0.589463,0.0345,0.0477,120.802,-1.31367
